{
  "fio version" : "fio-3.36",
  "timestamp" : 1748133585,
  "timestamp_ms" : 1748133585552,
  "time" : "Sun May 25 00:39:45 2025",
  "global options" : {
    "filename" : "/dev/nullb0",
    "iodepth" : "64",
    "ioengine" : "psync",
    "direct" : "1",
    "rw" : "randread",
    "bs" : "32k",
    "size" : "1G",
    "runtime" : "30",
    "numjobs" : "3"
  },
  "jobs" : [
    {
      "jobname" : "c_test",
      "groupid" : 0,
      "job_start" : 1748133555539,
      "error" : 0,
      "eta" : 0,
      "elapsed" : 31,
      "job options" : {
        "name" : "c_test",
        "ioscheduler" : "mq-deadline"
      },
      "read" : {
        "io_bytes" : 242967478272,
        "io_kbytes" : 237272928,
        "bw_bytes" : 8098645987,
        "bw" : 7908833,
        "iops" : 247151.061631,
        "runtime" : 30001,
        "total_ios" : 7414779,
        "short_ios" : 0,
        "drop_ios" : 0,
        "slat_ns" : {
          "min" : 0,
          "max" : 0,
          "mean" : 0.000000,
          "stddev" : 0.000000,
          "N" : 0
        },
        "clat_ns" : {
          "min" : 3447,
          "max" : 2160619,
          "mean" : 11829.967684,
          "stddev" : 31769.765840,
          "N" : 7414779,
          "percentile" : {
            "1.000000" : 4080,
            "5.000000" : 4448,
            "10.000000" : 4640,
            "20.000000" : 4832,
            "30.000000" : 4960,
            "40.000000" : 5152,
            "50.000000" : 5408,
            "60.000000" : 5792,
            "70.000000" : 6496,
            "80.000000" : 7392,
            "90.000000" : 9792,
            "95.000000" : 45824,
            "99.000000" : 162816,
            "99.500000" : 191488,
            "99.900000" : 309248,
            "99.950000" : 577536,
            "99.990000" : 839680
          }
        },
        "lat_ns" : {
          "min" : 3467,
          "max" : 2160740,
          "mean" : 11861.979221,
          "stddev" : 31793.129642,
          "N" : 7414779
        },
        "bw_min" : 7399104,
        "bw_max" : 8308480,
        "bw_agg" : 100.000000,
        "bw_mean" : 7917135.694915,
        "bw_dev" : 62908.146358,
        "bw_samples" : 177,
        "iops_min" : 231222,
        "iops_max" : 259640,
        "iops_mean" : 247410.423729,
        "iops_stddev" : 1965.884033,
        "iops_samples" : 177
      },
      "write" : {
        "io_bytes" : 0,
        "io_kbytes" : 0,
        "bw_bytes" : 0,
        "bw" : 0,
        "iops" : 0.000000,
        "runtime" : 0,
        "total_ios" : 0,
        "short_ios" : 0,
        "drop_ios" : 0,
        "slat_ns" : {
          "min" : 0,
          "max" : 0,
          "mean" : 0.000000,
          "stddev" : 0.000000,
          "N" : 0
        },
        "clat_ns" : {
          "min" : 0,
          "max" : 0,
          "mean" : 0.000000,
          "stddev" : 0.000000,
          "N" : 0
        },
        "lat_ns" : {
          "min" : 0,
          "max" : 0,
          "mean" : 0.000000,
          "stddev" : 0.000000,
          "N" : 0
        },
        "bw_min" : 0,
        "bw_max" : 0,
        "bw_agg" : 0.000000,
        "bw_mean" : 0.000000,
        "bw_dev" : 0.000000,
        "bw_samples" : 0,
        "iops_min" : 0,
        "iops_max" : 0,
        "iops_mean" : 0.000000,
        "iops_stddev" : 0.000000,
        "iops_samples" : 0
      },
      "trim" : {
        "io_bytes" : 0,
        "io_kbytes" : 0,
        "bw_bytes" : 0,
        "bw" : 0,
        "iops" : 0.000000,
        "runtime" : 0,
        "total_ios" : 0,
        "short_ios" : 0,
        "drop_ios" : 0,
        "slat_ns" : {
          "min" : 0,
          "max" : 0,
          "mean" : 0.000000,
          "stddev" : 0.000000,
          "N" : 0
        },
        "clat_ns" : {
          "min" : 0,
          "max" : 0,
          "mean" : 0.000000,
          "stddev" : 0.000000,
          "N" : 0
        },
        "lat_ns" : {
          "min" : 0,
          "max" : 0,
          "mean" : 0.000000,
          "stddev" : 0.000000,
          "N" : 0
        },
        "bw_min" : 0,
        "bw_max" : 0,
        "bw_agg" : 0.000000,
        "bw_mean" : 0.000000,
        "bw_dev" : 0.000000,
        "bw_samples" : 0,
        "iops_min" : 0,
        "iops_max" : 0,
        "iops_mean" : 0.000000,
        "iops_stddev" : 0.000000,
        "iops_samples" : 0
      },
      "sync" : {
        "total_ios" : 0,
        "lat_ns" : {
          "min" : 0,
          "max" : 0,
          "mean" : 0.000000,
          "stddev" : 0.000000,
          "N" : 0
        }
      },
      "job_runtime" : 90000,
      "usr_cpu" : 3.381111,
      "sys_cpu" : 69.302222,
      "ctx" : 345118,
      "majf" : 0,
      "minf" : 54,
      "iodepth_level" : {
        "1" : 100.000000,
        "2" : 0.000000,
        "4" : 0.000000,
        "8" : 0.000000,
        "16" : 0.000000,
        "32" : 0.000000,
        ">=64" : 0.000000
      },
      "iodepth_submit" : {
        "0" : 0.000000,
        "4" : 100.000000,
        "8" : 0.000000,
        "16" : 0.000000,
        "32" : 0.000000,
        "64" : 0.000000,
        ">=64" : 0.000000
      },
      "iodepth_complete" : {
        "0" : 0.000000,
        "4" : 100.000000,
        "8" : 0.000000,
        "16" : 0.000000,
        "32" : 0.000000,
        "64" : 0.000000,
        ">=64" : 0.000000
      },
      "latency_ns" : {
        "2" : 0.000000,
        "4" : 0.000000,
        "10" : 0.000000,
        "20" : 0.000000,
        "50" : 0.000000,
        "100" : 0.000000,
        "250" : 0.000000,
        "500" : 0.000000,
        "750" : 0.000000,
        "1000" : 0.000000
      },
      "latency_us" : {
        "2" : 0.000000,
        "4" : 0.852716,
        "10" : 89.626987,
        "20" : 3.512836,
        "50" : 1.153494,
        "100" : 2.893154,
        "250" : 1.778475,
        "500" : 0.122998,
        "750" : 0.038787,
        "1000" : 0.016642
      },
      "latency_ms" : {
        "2" : 0.010000,
        "4" : 0.010000,
        "10" : 0.000000,
        "20" : 0.000000,
        "50" : 0.000000,
        "100" : 0.000000,
        "250" : 0.000000,
        "500" : 0.000000,
        "750" : 0.000000,
        "1000" : 0.000000,
        "2000" : 0.000000,
        ">=2000" : 0.000000
      },
      "latency_depth" : 64,
      "latency_target" : 0,
      "latency_percentile" : 100.000000,
      "latency_window" : 0
    }
  ],
  "disk_util" : [
    {
      "name" : "nullb0",
      "read_ios" : 7382412,
      "write_ios" : 0,
      "read_sectors" : 472474816,
      "write_sectors" : 0,
      "read_merges" : 7,
      "write_merges" : 0,
      "read_ticks" : 515396074394,
      "write_ticks" : 0,
      "in_queue" : 515396074395,
      "util" : 82.296187
    }
  ]
}
