{
  "fio version" : "fio-3.36",
  "timestamp" : 1748133464,
  "timestamp_ms" : 1748133464194,
  "time" : "Sun May 25 00:37:44 2025",
  "global options" : {
    "filename" : "/dev/nullb0",
    "iodepth" : "64",
    "ioengine" : "psync",
    "direct" : "1",
    "rw" : "randread",
    "bs" : "32k",
    "size" : "1G",
    "runtime" : "30",
    "numjobs" : "1"
  },
  "jobs" : [
    {
      "jobname" : "c_test",
      "groupid" : 0,
      "job_start" : 1748133434164,
      "error" : 0,
      "eta" : 0,
      "elapsed" : 31,
      "job options" : {
        "name" : "c_test",
        "ioscheduler" : "mq-deadline"
      },
      "read" : {
        "io_bytes" : 189630021632,
        "io_kbytes" : 185185568,
        "bw_bytes" : 6320790028,
        "bw" : 6172646,
        "iops" : 192895.203493,
        "runtime" : 30001,
        "total_ios" : 5787049,
        "short_ios" : 0,
        "drop_ios" : 0,
        "slat_ns" : {
          "min" : 0,
          "max" : 0,
          "mean" : 0.000000,
          "stddev" : 0.000000,
          "N" : 0
        },
        "clat_ns" : {
          "min" : 3466,
          "max" : 4747817,
          "mean" : 4994.862420,
          "stddev" : 10236.862523,
          "N" : 5787049,
          "percentile" : {
            "1.000000" : 4016,
            "5.000000" : 4128,
            "10.000000" : 4256,
            "20.000000" : 4320,
            "30.000000" : 4448,
            "40.000000" : 4512,
            "50.000000" : 4576,
            "60.000000" : 4704,
            "70.000000" : 4768,
            "80.000000" : 4896,
            "90.000000" : 5088,
            "95.000000" : 5280,
            "99.000000" : 7264,
            "99.500000" : 9152,
            "99.900000" : 118272,
            "99.950000" : 132096,
            "99.990000" : 585728
          }
        },
        "lat_ns" : {
          "min" : 3476,
          "max" : 4747857,
          "mean" : 5011.459872,
          "stddev" : 10247.954929,
          "N" : 5787049
        },
        "bw_min" : 5281795,
        "bw_max" : 6497362,
        "bw_agg" : 97.004518,
        "bw_mean" : 5987746.545455,
        "bw_dev" : 273309.736799,
        "bw_samples" : 33,
        "iops_min" : 165056,
        "iops_max" : 203042,
        "iops_mean" : 187116.636364,
        "iops_stddev" : 8540.890084,
        "iops_samples" : 33
      },
      "write" : {
        "io_bytes" : 0,
        "io_kbytes" : 0,
        "bw_bytes" : 0,
        "bw" : 0,
        "iops" : 0.000000,
        "runtime" : 0,
        "total_ios" : 0,
        "short_ios" : 0,
        "drop_ios" : 0,
        "slat_ns" : {
          "min" : 0,
          "max" : 0,
          "mean" : 0.000000,
          "stddev" : 0.000000,
          "N" : 0
        },
        "clat_ns" : {
          "min" : 0,
          "max" : 0,
          "mean" : 0.000000,
          "stddev" : 0.000000,
          "N" : 0
        },
        "lat_ns" : {
          "min" : 0,
          "max" : 0,
          "mean" : 0.000000,
          "stddev" : 0.000000,
          "N" : 0
        },
        "bw_min" : 0,
        "bw_max" : 0,
        "bw_agg" : 0.000000,
        "bw_mean" : 0.000000,
        "bw_dev" : 0.000000,
        "bw_samples" : 0,
        "iops_min" : 0,
        "iops_max" : 0,
        "iops_mean" : 0.000000,
        "iops_stddev" : 0.000000,
        "iops_samples" : 0
      },
      "trim" : {
        "io_bytes" : 0,
        "io_kbytes" : 0,
        "bw_bytes" : 0,
        "bw" : 0,
        "iops" : 0.000000,
        "runtime" : 0,
        "total_ios" : 0,
        "short_ios" : 0,
        "drop_ios" : 0,
        "slat_ns" : {
          "min" : 0,
          "max" : 0,
          "mean" : 0.000000,
          "stddev" : 0.000000,
          "N" : 0
        },
        "clat_ns" : {
          "min" : 0,
          "max" : 0,
          "mean" : 0.000000,
          "stddev" : 0.000000,
          "N" : 0
        },
        "lat_ns" : {
          "min" : 0,
          "max" : 0,
          "mean" : 0.000000,
          "stddev" : 0.000000,
          "N" : 0
        },
        "bw_min" : 0,
        "bw_max" : 0,
        "bw_agg" : 0.000000,
        "bw_mean" : 0.000000,
        "bw_dev" : 0.000000,
        "bw_samples" : 0,
        "iops_min" : 0,
        "iops_max" : 0,
        "iops_mean" : 0.000000,
        "iops_stddev" : 0.000000,
        "iops_samples" : 0
      },
      "sync" : {
        "total_ios" : 0,
        "lat_ns" : {
          "min" : 0,
          "max" : 0,
          "mean" : 0.000000,
          "stddev" : 0.000000,
          "N" : 0
        }
      },
      "job_runtime" : 30000,
      "usr_cpu" : 8.066667,
      "sys_cpu" : 91.860000,
      "ctx" : 62,
      "majf" : 0,
      "minf" : 17,
      "iodepth_level" : {
        "1" : 100.000000,
        "2" : 0.000000,
        "4" : 0.000000,
        "8" : 0.000000,
        "16" : 0.000000,
        "32" : 0.000000,
        ">=64" : 0.000000
      },
      "iodepth_submit" : {
        "0" : 0.000000,
        "4" : 100.000000,
        "8" : 0.000000,
        "16" : 0.000000,
        "32" : 0.000000,
        "64" : 0.000000,
        ">=64" : 0.000000
      },
      "iodepth_complete" : {
        "0" : 0.000000,
        "4" : 100.000000,
        "8" : 0.000000,
        "16" : 0.000000,
        "32" : 0.000000,
        "64" : 0.000000,
        ">=64" : 0.000000
      },
      "latency_ns" : {
        "2" : 0.000000,
        "4" : 0.000000,
        "10" : 0.000000,
        "20" : 0.000000,
        "50" : 0.000000,
        "100" : 0.000000,
        "250" : 0.000000,
        "500" : 0.000000,
        "750" : 0.000000,
        "1000" : 0.000000
      },
      "latency_us" : {
        "2" : 0.000000,
        "4" : 0.882056,
        "10" : 98.639168,
        "20" : 0.232640,
        "50" : 0.065025,
        "100" : 0.036875,
        "250" : 0.122567,
        "500" : 0.010000,
        "750" : 0.010610,
        "1000" : 0.010000
      },
      "latency_ms" : {
        "2" : 0.010000,
        "4" : 0.010000,
        "10" : 0.010000,
        "20" : 0.000000,
        "50" : 0.000000,
        "100" : 0.000000,
        "250" : 0.000000,
        "500" : 0.000000,
        "750" : 0.000000,
        "1000" : 0.000000,
        "2000" : 0.000000,
        ">=2000" : 0.000000
      },
      "latency_depth" : 64,
      "latency_target" : 0,
      "latency_percentile" : 100.000000,
      "latency_window" : 0
    }
  ],
  "disk_util" : [
    {
      "name" : "nullb0",
      "read_ios" : 5725212,
      "write_ios" : 0,
      "read_sectors" : 366413568,
      "write_sectors" : 0,
      "read_merges" : 0,
      "write_merges" : 0,
      "read_ticks" : 0,
      "write_ticks" : 0,
      "in_queue" : 0,
      "util" : 47.218449
    }
  ]
}
