{
  "fio version" : "fio-3.36",
  "timestamp" : 1748132917,
  "timestamp_ms" : 1748132917590,
  "time" : "Sun May 25 00:28:37 2025",
  "global options" : {
    "filename" : "/dev/nullb0",
    "iodepth" : "64",
    "ioengine" : "psync",
    "direct" : "1",
    "rw" : "randread",
    "bs" : "4k",
    "size" : "1G",
    "runtime" : "30",
    "numjobs" : "4"
  },
  "jobs" : [
    {
      "jobname" : "c_test",
      "groupid" : 0,
      "job_start" : 1748132887564,
      "error" : 0,
      "eta" : 0,
      "elapsed" : 31,
      "job options" : {
        "name" : "c_test",
        "ioscheduler" : "mq-deadline"
      },
      "read" : {
        "io_bytes" : 68327460864,
        "io_kbytes" : 66726036,
        "bw_bytes" : 2277506111,
        "bw" : 2224127,
        "iops" : 556031.765608,
        "runtime" : 30001,
        "total_ios" : 16681509,
        "short_ios" : 0,
        "drop_ios" : 0,
        "slat_ns" : {
          "min" : 0,
          "max" : 0,
          "mean" : 0.000000,
          "stddev" : 0.000000,
          "N" : 0
        },
        "clat_ns" : {
          "min" : 1743,
          "max" : 2675253,
          "mean" : 6930.953997,
          "stddev" : 26013.787531,
          "N" : 16681509,
          "percentile" : {
            "1.000000" : 2128,
            "5.000000" : 2224,
            "10.000000" : 2288,
            "20.000000" : 2352,
            "30.000000" : 2416,
            "40.000000" : 2480,
            "50.000000" : 2608,
            "60.000000" : 2704,
            "70.000000" : 2896,
            "80.000000" : 3312,
            "90.000000" : 5856,
            "95.000000" : 8896,
            "99.000000" : 95744,
            "99.500000" : 158720,
            "99.900000" : 250880,
            "99.950000" : 362496,
            "99.990000" : 937984
          }
        },
        "lat_ns" : {
          "min" : 1763,
          "max" : 2675263,
          "mean" : 6954.339378,
          "stddev" : 26035.677270,
          "N" : 16681509
        },
        "bw_min" : 1986253,
        "bw_max" : 2371964,
        "bw_agg" : 100.000000,
        "bw_mean" : 2226838.745763,
        "bw_dev" : 21296.839727,
        "bw_samples" : 236,
        "iops_min" : 496563,
        "iops_max" : 592991,
        "iops_mean" : 556709.440678,
        "iops_stddev" : 5324.209692,
        "iops_samples" : 236
      },
      "write" : {
        "io_bytes" : 0,
        "io_kbytes" : 0,
        "bw_bytes" : 0,
        "bw" : 0,
        "iops" : 0.000000,
        "runtime" : 0,
        "total_ios" : 0,
        "short_ios" : 0,
        "drop_ios" : 0,
        "slat_ns" : {
          "min" : 0,
          "max" : 0,
          "mean" : 0.000000,
          "stddev" : 0.000000,
          "N" : 0
        },
        "clat_ns" : {
          "min" : 0,
          "max" : 0,
          "mean" : 0.000000,
          "stddev" : 0.000000,
          "N" : 0
        },
        "lat_ns" : {
          "min" : 0,
          "max" : 0,
          "mean" : 0.000000,
          "stddev" : 0.000000,
          "N" : 0
        },
        "bw_min" : 0,
        "bw_max" : 0,
        "bw_agg" : 0.000000,
        "bw_mean" : 0.000000,
        "bw_dev" : 0.000000,
        "bw_samples" : 0,
        "iops_min" : 0,
        "iops_max" : 0,
        "iops_mean" : 0.000000,
        "iops_stddev" : 0.000000,
        "iops_samples" : 0
      },
      "trim" : {
        "io_bytes" : 0,
        "io_kbytes" : 0,
        "bw_bytes" : 0,
        "bw" : 0,
        "iops" : 0.000000,
        "runtime" : 0,
        "total_ios" : 0,
        "short_ios" : 0,
        "drop_ios" : 0,
        "slat_ns" : {
          "min" : 0,
          "max" : 0,
          "mean" : 0.000000,
          "stddev" : 0.000000,
          "N" : 0
        },
        "clat_ns" : {
          "min" : 0,
          "max" : 0,
          "mean" : 0.000000,
          "stddev" : 0.000000,
          "N" : 0
        },
        "lat_ns" : {
          "min" : 0,
          "max" : 0,
          "mean" : 0.000000,
          "stddev" : 0.000000,
          "N" : 0
        },
        "bw_min" : 0,
        "bw_max" : 0,
        "bw_agg" : 0.000000,
        "bw_mean" : 0.000000,
        "bw_dev" : 0.000000,
        "bw_samples" : 0,
        "iops_min" : 0,
        "iops_max" : 0,
        "iops_mean" : 0.000000,
        "iops_stddev" : 0.000000,
        "iops_samples" : 0
      },
      "sync" : {
        "total_ios" : 0,
        "lat_ns" : {
          "min" : 0,
          "max" : 0,
          "mean" : 0.000000,
          "stddev" : 0.000000,
          "N" : 0
        }
      },
      "job_runtime" : 120000,
      "usr_cpu" : 5.696667,
      "sys_cpu" : 56.651667,
      "ctx" : 926639,
      "majf" : 0,
      "minf" : 37,
      "iodepth_level" : {
        "1" : 100.000000,
        "2" : 0.000000,
        "4" : 0.000000,
        "8" : 0.000000,
        "16" : 0.000000,
        "32" : 0.000000,
        ">=64" : 0.000000
      },
      "iodepth_submit" : {
        "0" : 0.000000,
        "4" : 100.000000,
        "8" : 0.000000,
        "16" : 0.000000,
        "32" : 0.000000,
        "64" : 0.000000,
        ">=64" : 0.000000
      },
      "iodepth_complete" : {
        "0" : 0.000000,
        "4" : 100.000000,
        "8" : 0.000000,
        "16" : 0.000000,
        "32" : 0.000000,
        "64" : 0.000000,
        ">=64" : 0.000000
      },
      "latency_ns" : {
        "2" : 0.000000,
        "4" : 0.000000,
        "10" : 0.000000,
        "20" : 0.000000,
        "50" : 0.000000,
        "100" : 0.000000,
        "250" : 0.000000,
        "500" : 0.000000,
        "750" : 0.000000,
        "1000" : 0.000000
      },
      "latency_us" : {
        "2" : 0.032437,
        "4" : 84.456868,
        "10" : 10.815994,
        "20" : 0.309163,
        "50" : 0.432719,
        "100" : 2.977416,
        "250" : 0.874088,
        "500" : 0.064227,
        "750" : 0.018350,
        "1000" : 0.010485
      },
      "latency_ms" : {
        "2" : 0.010000,
        "4" : 0.010000,
        "10" : 0.000000,
        "20" : 0.000000,
        "50" : 0.000000,
        "100" : 0.000000,
        "250" : 0.000000,
        "500" : 0.000000,
        "750" : 0.000000,
        "1000" : 0.000000,
        "2000" : 0.000000,
        ">=2000" : 0.000000
      },
      "latency_depth" : 64,
      "latency_target" : 0,
      "latency_percentile" : 100.000000,
      "latency_window" : 0
    }
  ],
  "disk_util" : [
    {
      "name" : "nullb0",
      "read_ios" : 16618100,
      "write_ios" : 0,
      "read_sectors" : 132944848,
      "write_sectors" : 0,
      "read_merges" : 6,
      "write_merges" : 0,
      "read_ticks" : 515396074418,
      "write_ticks" : 0,
      "in_queue" : 515396074418,
      "util" : 71.695215
    }
  ]
}
