{
  "fio version" : "fio-3.36",
  "timestamp" : 1748134072,
  "timestamp_ms" : 1748134072676,
  "time" : "Sun May 25 00:47:52 2025",
  "global options" : {
    "filename" : "/dev/nullb0",
    "iodepth" : "64",
    "ioengine" : "psync",
    "direct" : "1",
    "rw" : "randread",
    "bs" : "128k",
    "size" : "1G",
    "runtime" : "30",
    "numjobs" : "3"
  },
  "jobs" : [
    {
      "jobname" : "c_test",
      "groupid" : 0,
      "job_start" : 1748134042648,
      "error" : 0,
      "eta" : 0,
      "elapsed" : 31,
      "job options" : {
        "name" : "c_test",
        "ioscheduler" : "mq-deadline"
      },
      "read" : {
        "io_bytes" : 372353794048,
        "io_kbytes" : 363626752,
        "bw_bytes" : 12410965737,
        "bw" : 12120083,
        "iops" : 94688.154123,
        "runtime" : 30002,
        "total_ios" : 2840834,
        "short_ios" : 0,
        "drop_ios" : 0,
        "slat_ns" : {
          "min" : 0,
          "max" : 0,
          "mean" : 0.000000,
          "stddev" : 0.000000,
          "N" : 0
        },
        "clat_ns" : {
          "min" : 9177,
          "max" : 7576773,
          "mean" : 31351.373911,
          "stddev" : 38239.154366,
          "N" : 2840834,
          "percentile" : {
            "1.000000" : 12608,
            "5.000000" : 14400,
            "10.000000" : 16192,
            "20.000000" : 18816,
            "30.000000" : 20096,
            "40.000000" : 21632,
            "50.000000" : 24960,
            "60.000000" : 27008,
            "70.000000" : 28544,
            "80.000000" : 33024,
            "90.000000" : 39168,
            "95.000000" : 76288,
            "99.000000" : 173056,
            "99.500000" : 205824,
            "99.900000" : 610304,
            "99.950000" : 733184,
            "99.990000" : 970752
          }
        },
        "lat_ns" : {
          "min" : 9197,
          "max" : 7576813,
          "mean" : 31385.611200,
          "stddev" : 38251.553436,
          "N" : 2840834
        },
        "bw_min" : 11580843,
        "bw_max" : 12676358,
        "bw_agg" : 100.000000,
        "bw_mean" : 12131348.237288,
        "bw_dev" : 80770.557486,
        "bw_samples" : 177,
        "iops_min" : 90474,
        "iops_max" : 99033,
        "iops_mean" : 94775.101695,
        "iops_stddev" : 631.004522,
        "iops_samples" : 177
      },
      "write" : {
        "io_bytes" : 0,
        "io_kbytes" : 0,
        "bw_bytes" : 0,
        "bw" : 0,
        "iops" : 0.000000,
        "runtime" : 0,
        "total_ios" : 0,
        "short_ios" : 0,
        "drop_ios" : 0,
        "slat_ns" : {
          "min" : 0,
          "max" : 0,
          "mean" : 0.000000,
          "stddev" : 0.000000,
          "N" : 0
        },
        "clat_ns" : {
          "min" : 0,
          "max" : 0,
          "mean" : 0.000000,
          "stddev" : 0.000000,
          "N" : 0
        },
        "lat_ns" : {
          "min" : 0,
          "max" : 0,
          "mean" : 0.000000,
          "stddev" : 0.000000,
          "N" : 0
        },
        "bw_min" : 0,
        "bw_max" : 0,
        "bw_agg" : 0.000000,
        "bw_mean" : 0.000000,
        "bw_dev" : 0.000000,
        "bw_samples" : 0,
        "iops_min" : 0,
        "iops_max" : 0,
        "iops_mean" : 0.000000,
        "iops_stddev" : 0.000000,
        "iops_samples" : 0
      },
      "trim" : {
        "io_bytes" : 0,
        "io_kbytes" : 0,
        "bw_bytes" : 0,
        "bw" : 0,
        "iops" : 0.000000,
        "runtime" : 0,
        "total_ios" : 0,
        "short_ios" : 0,
        "drop_ios" : 0,
        "slat_ns" : {
          "min" : 0,
          "max" : 0,
          "mean" : 0.000000,
          "stddev" : 0.000000,
          "N" : 0
        },
        "clat_ns" : {
          "min" : 0,
          "max" : 0,
          "mean" : 0.000000,
          "stddev" : 0.000000,
          "N" : 0
        },
        "lat_ns" : {
          "min" : 0,
          "max" : 0,
          "mean" : 0.000000,
          "stddev" : 0.000000,
          "N" : 0
        },
        "bw_min" : 0,
        "bw_max" : 0,
        "bw_agg" : 0.000000,
        "bw_mean" : 0.000000,
        "bw_dev" : 0.000000,
        "bw_samples" : 0,
        "iops_min" : 0,
        "iops_max" : 0,
        "iops_mean" : 0.000000,
        "iops_stddev" : 0.000000,
        "iops_samples" : 0
      },
      "sync" : {
        "total_ios" : 0,
        "lat_ns" : {
          "min" : 0,
          "max" : 0,
          "mean" : 0.000000,
          "stddev" : 0.000000,
          "N" : 0
        }
      },
      "job_runtime" : 90001,
      "usr_cpu" : 1.878868,
      "sys_cpu" : 90.628993,
      "ctx" : 92261,
      "majf" : 0,
      "minf" : 127,
      "iodepth_level" : {
        "1" : 100.000000,
        "2" : 0.000000,
        "4" : 0.000000,
        "8" : 0.000000,
        "16" : 0.000000,
        "32" : 0.000000,
        ">=64" : 0.000000
      },
      "iodepth_submit" : {
        "0" : 0.000000,
        "4" : 100.000000,
        "8" : 0.000000,
        "16" : 0.000000,
        "32" : 0.000000,
        "64" : 0.000000,
        ">=64" : 0.000000
      },
      "iodepth_complete" : {
        "0" : 0.000000,
        "4" : 100.000000,
        "8" : 0.000000,
        "16" : 0.000000,
        "32" : 0.000000,
        "64" : 0.000000,
        ">=64" : 0.000000
      },
      "latency_ns" : {
        "2" : 0.000000,
        "4" : 0.000000,
        "10" : 0.000000,
        "20" : 0.000000,
        "50" : 0.000000,
        "100" : 0.000000,
        "250" : 0.000000,
        "500" : 0.000000,
        "750" : 0.000000,
        "1000" : 0.000000
      },
      "latency_us" : {
        "2" : 0.000000,
        "4" : 0.000000,
        "10" : 0.026858,
        "20" : 29.340644,
        "50" : 64.598459,
        "100" : 2.586036,
        "250" : 3.125807,
        "500" : 0.185403,
        "750" : 0.093142,
        "1000" : 0.035729
      },
      "latency_ms" : {
        "2" : 0.010000,
        "4" : 0.010000,
        "10" : 0.010000,
        "20" : 0.000000,
        "50" : 0.000000,
        "100" : 0.000000,
        "250" : 0.000000,
        "500" : 0.000000,
        "750" : 0.000000,
        "1000" : 0.000000,
        "2000" : 0.000000,
        ">=2000" : 0.000000
      },
      "latency_depth" : 64,
      "latency_target" : 0,
      "latency_percentile" : 100.000000,
      "latency_window" : 0
    }
  ],
  "disk_util" : [
    {
      "name" : "nullb0",
      "read_ios" : 5633085,
      "write_ios" : 0,
      "read_sectors" : 721035000,
      "write_sectors" : 0,
      "read_merges" : 0,
      "write_merges" : 0,
      "read_ticks" : 511101106997,
      "write_ticks" : 0,
      "in_queue" : 511101106997,
      "util" : 94.967456
    }
  ]
}
