{
  "fio version" : "fio-3.36",
  "timestamp" : 1748133433,
  "timestamp_ms" : 1748133433456,
  "time" : "Sun May 25 00:37:13 2025",
  "global options" : {
    "filename" : "/dev/nullb1",
    "iodepth" : "64",
    "ioengine" : "psync",
    "direct" : "1",
    "rw" : "randread",
    "bs" : "16k",
    "size" : "1G",
    "runtime" : "30",
    "numjobs" : "4"
  },
  "jobs" : [
    {
      "jobname" : "rust_test",
      "groupid" : 0,
      "job_start" : 1748133403439,
      "error" : 0,
      "eta" : 0,
      "elapsed" : 31,
      "job options" : {
        "name" : "rust_test",
        "ioscheduler" : "mq-deadline"
      },
      "read" : {
        "io_bytes" : 195941924864,
        "io_kbytes" : 191349536,
        "bw_bytes" : 6531179789,
        "bw" : 6378105,
        "iops" : 398631.578947,
        "runtime" : 30001,
        "total_ios" : 11959346,
        "short_ios" : 0,
        "drop_ios" : 0,
        "slat_ns" : {
          "min" : 0,
          "max" : 0,
          "mean" : 0.000000,
          "stddev" : 0.000000,
          "N" : 0
        },
        "clat_ns" : {
          "min" : 2424,
          "max" : 2624624,
          "mean" : 9757.086072,
          "stddev" : 29704.512469,
          "N" : 11959346,
          "percentile" : {
            "1.000000" : 3088,
            "5.000000" : 3472,
            "10.000000" : 3568,
            "20.000000" : 3728,
            "30.000000" : 3824,
            "40.000000" : 3984,
            "50.000000" : 4192,
            "60.000000" : 4448,
            "70.000000" : 4768,
            "80.000000" : 5344,
            "90.000000" : 8256,
            "95.000000" : 41216,
            "99.000000" : 152576,
            "99.500000" : 185344,
            "99.900000" : 288768,
            "99.950000" : 528384,
            "99.990000" : 880640
          }
        },
        "lat_ns" : {
          "min" : 2444,
          "max" : 2624755,
          "mean" : 9781.244108,
          "stddev" : 29724.221009,
          "N" : 11959346
        },
        "bw_min" : 5963335,
        "bw_max" : 6712528,
        "bw_agg" : 100.000000,
        "bw_mean" : 6386011.406780,
        "bw_dev" : 38798.746685,
        "bw_samples" : 236,
        "iops_min" : 372708,
        "iops_max" : 419532,
        "iops_mean" : 399125.237288,
        "iops_stddev" : 2424.927520,
        "iops_samples" : 236
      },
      "write" : {
        "io_bytes" : 0,
        "io_kbytes" : 0,
        "bw_bytes" : 0,
        "bw" : 0,
        "iops" : 0.000000,
        "runtime" : 0,
        "total_ios" : 0,
        "short_ios" : 0,
        "drop_ios" : 0,
        "slat_ns" : {
          "min" : 0,
          "max" : 0,
          "mean" : 0.000000,
          "stddev" : 0.000000,
          "N" : 0
        },
        "clat_ns" : {
          "min" : 0,
          "max" : 0,
          "mean" : 0.000000,
          "stddev" : 0.000000,
          "N" : 0
        },
        "lat_ns" : {
          "min" : 0,
          "max" : 0,
          "mean" : 0.000000,
          "stddev" : 0.000000,
          "N" : 0
        },
        "bw_min" : 0,
        "bw_max" : 0,
        "bw_agg" : 0.000000,
        "bw_mean" : 0.000000,
        "bw_dev" : 0.000000,
        "bw_samples" : 0,
        "iops_min" : 0,
        "iops_max" : 0,
        "iops_mean" : 0.000000,
        "iops_stddev" : 0.000000,
        "iops_samples" : 0
      },
      "trim" : {
        "io_bytes" : 0,
        "io_kbytes" : 0,
        "bw_bytes" : 0,
        "bw" : 0,
        "iops" : 0.000000,
        "runtime" : 0,
        "total_ios" : 0,
        "short_ios" : 0,
        "drop_ios" : 0,
        "slat_ns" : {
          "min" : 0,
          "max" : 0,
          "mean" : 0.000000,
          "stddev" : 0.000000,
          "N" : 0
        },
        "clat_ns" : {
          "min" : 0,
          "max" : 0,
          "mean" : 0.000000,
          "stddev" : 0.000000,
          "N" : 0
        },
        "lat_ns" : {
          "min" : 0,
          "max" : 0,
          "mean" : 0.000000,
          "stddev" : 0.000000,
          "N" : 0
        },
        "bw_min" : 0,
        "bw_max" : 0,
        "bw_agg" : 0.000000,
        "bw_mean" : 0.000000,
        "bw_dev" : 0.000000,
        "bw_samples" : 0,
        "iops_min" : 0,
        "iops_max" : 0,
        "iops_mean" : 0.000000,
        "iops_stddev" : 0.000000,
        "iops_samples" : 0
      },
      "sync" : {
        "total_ios" : 0,
        "lat_ns" : {
          "min" : 0,
          "max" : 0,
          "mean" : 0.000000,
          "stddev" : 0.000000,
          "N" : 0
        }
      },
      "job_runtime" : 120000,
      "usr_cpu" : 3.738333,
      "sys_cpu" : 65.622500,
      "ctx" : 594747,
      "majf" : 0,
      "minf" : 48,
      "iodepth_level" : {
        "1" : 100.000000,
        "2" : 0.000000,
        "4" : 0.000000,
        "8" : 0.000000,
        "16" : 0.000000,
        "32" : 0.000000,
        ">=64" : 0.000000
      },
      "iodepth_submit" : {
        "0" : 0.000000,
        "4" : 100.000000,
        "8" : 0.000000,
        "16" : 0.000000,
        "32" : 0.000000,
        "64" : 0.000000,
        ">=64" : 0.000000
      },
      "iodepth_complete" : {
        "0" : 0.000000,
        "4" : 100.000000,
        "8" : 0.000000,
        "16" : 0.000000,
        "32" : 0.000000,
        "64" : 0.000000,
        ">=64" : 0.000000
      },
      "latency_ns" : {
        "2" : 0.000000,
        "4" : 0.000000,
        "10" : 0.000000,
        "20" : 0.000000,
        "50" : 0.000000,
        "100" : 0.000000,
        "250" : 0.000000,
        "500" : 0.000000,
        "750" : 0.000000,
        "1000" : 0.000000
      },
      "latency_us" : {
        "2" : 0.000000,
        "4" : 41.230716,
        "10" : 51.532584,
        "20" : 1.862677,
        "50" : 0.910777,
        "100" : 2.892282,
        "250" : 1.427804,
        "500" : 0.091209,
        "750" : 0.029709,
        "1000" : 0.016891
      },
      "latency_ms" : {
        "2" : 0.010000,
        "4" : 0.010000,
        "10" : 0.000000,
        "20" : 0.000000,
        "50" : 0.000000,
        "100" : 0.000000,
        "250" : 0.000000,
        "500" : 0.000000,
        "750" : 0.000000,
        "1000" : 0.000000,
        "2000" : 0.000000,
        ">=2000" : 0.000000
      },
      "latency_depth" : 64,
      "latency_target" : 0,
      "latency_percentile" : 100.000000,
      "latency_window" : 0
    }
  ],
  "disk_util" : [
    {
      "name" : "nullb1",
      "read_ios" : 11908439,
      "write_ios" : 0,
      "read_sectors" : 381070272,
      "write_sectors" : 0,
      "read_merges" : 7,
      "write_merges" : 0,
      "read_ticks" : 515396074046,
      "write_ticks" : 0,
      "in_queue" : 515396074046,
      "util" : 88.264557
    }
  ]
}
