{
  "fio version" : "fio-3.36",
  "timestamp" : 1748133981,
  "timestamp_ms" : 1748133981602,
  "time" : "Sun May 25 00:46:21 2025",
  "global options" : {
    "filename" : "/dev/nullb1",
    "iodepth" : "64",
    "ioengine" : "psync",
    "direct" : "1",
    "rw" : "randread",
    "bs" : "128k",
    "size" : "1G",
    "runtime" : "30",
    "numjobs" : "1"
  },
  "jobs" : [
    {
      "jobname" : "rust_test",
      "groupid" : 0,
      "job_start" : 1748133951567,
      "error" : 0,
      "eta" : 0,
      "elapsed" : 31,
      "job options" : {
        "name" : "rust_test",
        "ioscheduler" : "mq-deadline"
      },
      "read" : {
        "io_bytes" : 260876795904,
        "io_kbytes" : 254762496,
        "bw_bytes" : 8695603343,
        "bw" : 8491800,
        "iops" : 66342.188594,
        "runtime" : 30001,
        "total_ios" : 1990332,
        "short_ios" : 0,
        "drop_ios" : 0,
        "slat_ns" : {
          "min" : 0,
          "max" : 0,
          "mean" : 0.000000,
          "stddev" : 0.000000,
          "N" : 0
        },
        "clat_ns" : {
          "min" : 9708,
          "max" : 2651431,
          "mean" : 14828.214257,
          "stddev" : 20158.206360,
          "N" : 1990332,
          "percentile" : {
            "1.000000" : 12096,
            "5.000000" : 12480,
            "10.000000" : 12608,
            "20.000000" : 12736,
            "30.000000" : 12864,
            "40.000000" : 12992,
            "50.000000" : 13120,
            "60.000000" : 13248,
            "70.000000" : 13376,
            "80.000000" : 13632,
            "90.000000" : 14016,
            "95.000000" : 15424,
            "99.000000" : 33536,
            "99.500000" : 128512,
            "99.900000" : 183296,
            "99.950000" : 593920,
            "99.990000" : 733184
          }
        },
        "lat_ns" : {
          "min" : 9738,
          "max" : 2651451,
          "mean" : 14856.932090,
          "stddev" : 20200.767733,
          "N" : 1990332
        },
        "bw_min" : 7933195,
        "bw_max" : 8920031,
        "bw_agg" : 99.898018,
        "bw_mean" : 8483140.207547,
        "bw_dev" : 233568.818972,
        "bw_samples" : 53,
        "iops_min" : 61978,
        "iops_max" : 69687,
        "iops_mean" : 66274.075472,
        "iops_stddev" : 1824.686336,
        "iops_samples" : 53
      },
      "write" : {
        "io_bytes" : 0,
        "io_kbytes" : 0,
        "bw_bytes" : 0,
        "bw" : 0,
        "iops" : 0.000000,
        "runtime" : 0,
        "total_ios" : 0,
        "short_ios" : 0,
        "drop_ios" : 0,
        "slat_ns" : {
          "min" : 0,
          "max" : 0,
          "mean" : 0.000000,
          "stddev" : 0.000000,
          "N" : 0
        },
        "clat_ns" : {
          "min" : 0,
          "max" : 0,
          "mean" : 0.000000,
          "stddev" : 0.000000,
          "N" : 0
        },
        "lat_ns" : {
          "min" : 0,
          "max" : 0,
          "mean" : 0.000000,
          "stddev" : 0.000000,
          "N" : 0
        },
        "bw_min" : 0,
        "bw_max" : 0,
        "bw_agg" : 0.000000,
        "bw_mean" : 0.000000,
        "bw_dev" : 0.000000,
        "bw_samples" : 0,
        "iops_min" : 0,
        "iops_max" : 0,
        "iops_mean" : 0.000000,
        "iops_stddev" : 0.000000,
        "iops_samples" : 0
      },
      "trim" : {
        "io_bytes" : 0,
        "io_kbytes" : 0,
        "bw_bytes" : 0,
        "bw" : 0,
        "iops" : 0.000000,
        "runtime" : 0,
        "total_ios" : 0,
        "short_ios" : 0,
        "drop_ios" : 0,
        "slat_ns" : {
          "min" : 0,
          "max" : 0,
          "mean" : 0.000000,
          "stddev" : 0.000000,
          "N" : 0
        },
        "clat_ns" : {
          "min" : 0,
          "max" : 0,
          "mean" : 0.000000,
          "stddev" : 0.000000,
          "N" : 0
        },
        "lat_ns" : {
          "min" : 0,
          "max" : 0,
          "mean" : 0.000000,
          "stddev" : 0.000000,
          "N" : 0
        },
        "bw_min" : 0,
        "bw_max" : 0,
        "bw_agg" : 0.000000,
        "bw_mean" : 0.000000,
        "bw_dev" : 0.000000,
        "bw_samples" : 0,
        "iops_min" : 0,
        "iops_max" : 0,
        "iops_mean" : 0.000000,
        "iops_stddev" : 0.000000,
        "iops_samples" : 0
      },
      "sync" : {
        "total_ios" : 0,
        "lat_ns" : {
          "min" : 0,
          "max" : 0,
          "mean" : 0.000000,
          "stddev" : 0.000000,
          "N" : 0
        }
      },
      "job_runtime" : 30000,
      "usr_cpu" : 4.286667,
      "sys_cpu" : 95.526667,
      "ctx" : 63,
      "majf" : 0,
      "minf" : 41,
      "iodepth_level" : {
        "1" : 100.000000,
        "2" : 0.000000,
        "4" : 0.000000,
        "8" : 0.000000,
        "16" : 0.000000,
        "32" : 0.000000,
        ">=64" : 0.000000
      },
      "iodepth_submit" : {
        "0" : 0.000000,
        "4" : 100.000000,
        "8" : 0.000000,
        "16" : 0.000000,
        "32" : 0.000000,
        "64" : 0.000000,
        ">=64" : 0.000000
      },
      "iodepth_complete" : {
        "0" : 0.000000,
        "4" : 100.000000,
        "8" : 0.000000,
        "16" : 0.000000,
        "32" : 0.000000,
        "64" : 0.000000,
        ">=64" : 0.000000
      },
      "latency_ns" : {
        "2" : 0.000000,
        "4" : 0.000000,
        "10" : 0.000000,
        "20" : 0.000000,
        "50" : 0.000000,
        "100" : 0.000000,
        "250" : 0.000000,
        "500" : 0.000000,
        "750" : 0.000000,
        "1000" : 0.000000
      },
      "latency_us" : {
        "2" : 0.000000,
        "4" : 0.000000,
        "10" : 0.010000,
        "20" : 97.796448,
        "50" : 1.327065,
        "100" : 0.028086,
        "250" : 0.775248,
        "500" : 0.011958,
        "750" : 0.053609,
        "1000" : 0.010000
      },
      "latency_ms" : {
        "2" : 0.010000,
        "4" : 0.010000,
        "10" : 0.000000,
        "20" : 0.000000,
        "50" : 0.000000,
        "100" : 0.000000,
        "250" : 0.000000,
        "500" : 0.000000,
        "750" : 0.000000,
        "1000" : 0.000000,
        "2000" : 0.000000,
        ">=2000" : 0.000000
      },
      "latency_depth" : 64,
      "latency_target" : 0,
      "latency_percentile" : 100.000000,
      "latency_window" : 0
    }
  ],
  "disk_util" : [
    {
      "name" : "nullb1",
      "read_ios" : 3931144,
      "write_ios" : 0,
      "read_sectors" : 503186432,
      "write_sectors" : 0,
      "read_merges" : 0,
      "write_merges" : 0,
      "read_ticks" : 1,
      "write_ticks" : 0,
      "in_queue" : 1,
      "util" : 62.847433
    }
  ]
}
