{
  "fio version" : "fio-3.36",
  "timestamp" : 1748132947,
  "timestamp_ms" : 1748132947943,
  "time" : "Sun May 25 00:29:07 2025",
  "global options" : {
    "filename" : "/dev/nullb1",
    "iodepth" : "64",
    "ioengine" : "psync",
    "direct" : "1",
    "rw" : "randread",
    "bs" : "4k",
    "size" : "1G",
    "runtime" : "30",
    "numjobs" : "4"
  },
  "jobs" : [
    {
      "jobname" : "rust_test",
      "groupid" : 0,
      "job_start" : 1748132917925,
      "error" : 0,
      "eta" : 0,
      "elapsed" : 31,
      "job options" : {
        "name" : "rust_test",
        "ioscheduler" : "mq-deadline"
      },
      "read" : {
        "io_bytes" : 67518500864,
        "io_kbytes" : 65936036,
        "bw_bytes" : 2250541677,
        "bw" : 2197794,
        "iops" : 549448.651712,
        "runtime" : 30001,
        "total_ios" : 16484009,
        "short_ios" : 0,
        "drop_ios" : 0,
        "slat_ns" : {
          "min" : 0,
          "max" : 0,
          "mean" : 0.000000,
          "stddev" : 0.000000,
          "N" : 0
        },
        "clat_ns" : {
          "min" : 1763,
          "max" : 4334738,
          "mean" : 7001.479409,
          "stddev" : 26244.636240,
          "N" : 16484009,
          "percentile" : {
            "1.000000" : 2128,
            "5.000000" : 2256,
            "10.000000" : 2288,
            "20.000000" : 2352,
            "30.000000" : 2416,
            "40.000000" : 2512,
            "50.000000" : 2608,
            "60.000000" : 2736,
            "70.000000" : 2928,
            "80.000000" : 3344,
            "90.000000" : 5920,
            "95.000000" : 9024,
            "99.000000" : 98816,
            "99.500000" : 158720,
            "99.900000" : 254976,
            "99.950000" : 370688,
            "99.990000" : 937984
          }
        },
        "lat_ns" : {
          "min" : 1783,
          "max" : 4334758,
          "mean" : 7032.382227,
          "stddev" : 26273.928836,
          "N" : 16484009
        },
        "bw_min" : 1980934,
        "bw_max" : 2329360,
        "bw_agg" : 100.000000,
        "bw_mean" : 2200252.067797,
        "bw_dev" : 19430.579527,
        "bw_samples" : 236,
        "iops_min" : 495232,
        "iops_max" : 582340,
        "iops_mean" : 550062.728814,
        "iops_stddev" : 4857.658061,
        "iops_samples" : 236
      },
      "write" : {
        "io_bytes" : 0,
        "io_kbytes" : 0,
        "bw_bytes" : 0,
        "bw" : 0,
        "iops" : 0.000000,
        "runtime" : 0,
        "total_ios" : 0,
        "short_ios" : 0,
        "drop_ios" : 0,
        "slat_ns" : {
          "min" : 0,
          "max" : 0,
          "mean" : 0.000000,
          "stddev" : 0.000000,
          "N" : 0
        },
        "clat_ns" : {
          "min" : 0,
          "max" : 0,
          "mean" : 0.000000,
          "stddev" : 0.000000,
          "N" : 0
        },
        "lat_ns" : {
          "min" : 0,
          "max" : 0,
          "mean" : 0.000000,
          "stddev" : 0.000000,
          "N" : 0
        },
        "bw_min" : 0,
        "bw_max" : 0,
        "bw_agg" : 0.000000,
        "bw_mean" : 0.000000,
        "bw_dev" : 0.000000,
        "bw_samples" : 0,
        "iops_min" : 0,
        "iops_max" : 0,
        "iops_mean" : 0.000000,
        "iops_stddev" : 0.000000,
        "iops_samples" : 0
      },
      "trim" : {
        "io_bytes" : 0,
        "io_kbytes" : 0,
        "bw_bytes" : 0,
        "bw" : 0,
        "iops" : 0.000000,
        "runtime" : 0,
        "total_ios" : 0,
        "short_ios" : 0,
        "drop_ios" : 0,
        "slat_ns" : {
          "min" : 0,
          "max" : 0,
          "mean" : 0.000000,
          "stddev" : 0.000000,
          "N" : 0
        },
        "clat_ns" : {
          "min" : 0,
          "max" : 0,
          "mean" : 0.000000,
          "stddev" : 0.000000,
          "N" : 0
        },
        "lat_ns" : {
          "min" : 0,
          "max" : 0,
          "mean" : 0.000000,
          "stddev" : 0.000000,
          "N" : 0
        },
        "bw_min" : 0,
        "bw_max" : 0,
        "bw_agg" : 0.000000,
        "bw_mean" : 0.000000,
        "bw_dev" : 0.000000,
        "bw_samples" : 0,
        "iops_min" : 0,
        "iops_max" : 0,
        "iops_mean" : 0.000000,
        "iops_stddev" : 0.000000,
        "iops_samples" : 0
      },
      "sync" : {
        "total_ios" : 0,
        "lat_ns" : {
          "min" : 0,
          "max" : 0,
          "mean" : 0.000000,
          "stddev" : 0.000000,
          "N" : 0
        }
      },
      "job_runtime" : 120000,
      "usr_cpu" : 6.159167,
      "sys_cpu" : 56.126667,
      "ctx" : 917494,
      "majf" : 0,
      "minf" : 33,
      "iodepth_level" : {
        "1" : 100.000000,
        "2" : 0.000000,
        "4" : 0.000000,
        "8" : 0.000000,
        "16" : 0.000000,
        "32" : 0.000000,
        ">=64" : 0.000000
      },
      "iodepth_submit" : {
        "0" : 0.000000,
        "4" : 100.000000,
        "8" : 0.000000,
        "16" : 0.000000,
        "32" : 0.000000,
        "64" : 0.000000,
        ">=64" : 0.000000
      },
      "iodepth_complete" : {
        "0" : 0.000000,
        "4" : 100.000000,
        "8" : 0.000000,
        "16" : 0.000000,
        "32" : 0.000000,
        "64" : 0.000000,
        ">=64" : 0.000000
      },
      "latency_ns" : {
        "2" : 0.000000,
        "4" : 0.000000,
        "10" : 0.000000,
        "20" : 0.000000,
        "50" : 0.000000,
        "100" : 0.000000,
        "250" : 0.000000,
        "500" : 0.000000,
        "750" : 0.000000,
        "1000" : 0.000000
      },
      "latency_us" : {
        "2" : 0.026037,
        "4" : 84.433926,
        "10" : 10.820062,
        "20" : 0.316828,
        "50" : 0.434372,
        "100" : 2.975205,
        "250" : 0.889092,
        "500" : 0.066592,
        "750" : 0.019291,
        "1000" : 0.010556
      },
      "latency_ms" : {
        "2" : 0.010000,
        "4" : 0.010000,
        "10" : 0.010000,
        "20" : 0.000000,
        "50" : 0.000000,
        "100" : 0.000000,
        "250" : 0.000000,
        "500" : 0.000000,
        "750" : 0.000000,
        "1000" : 0.000000,
        "2000" : 0.000000,
        ">=2000" : 0.000000
      },
      "latency_depth" : 64,
      "latency_target" : 0,
      "latency_percentile" : 100.000000,
      "latency_window" : 0
    }
  ],
  "disk_util" : [
    {
      "name" : "nullb1",
      "read_ios" : 16398480,
      "write_ios" : 0,
      "read_sectors" : 131187912,
      "write_sectors" : 0,
      "read_merges" : 9,
      "write_merges" : 0,
      "read_ticks" : 515396074445,
      "write_ticks" : 0,
      "in_queue" : 515396074445,
      "util" : 71.558775
    }
  ]
}
