{
  "fio version" : "fio-3.36",
  "timestamp" : 1748132826,
  "timestamp_ms" : 1748132826266,
  "time" : "Sun May 25 00:27:06 2025",
  "global options" : {
    "filename" : "/dev/nullb1",
    "iodepth" : "64",
    "ioengine" : "psync",
    "direct" : "1",
    "rw" : "randread",
    "bs" : "4k",
    "size" : "1G",
    "runtime" : "30",
    "numjobs" : "2"
  },
  "jobs" : [
    {
      "jobname" : "rust_test",
      "groupid" : 0,
      "job_start" : 1748132796249,
      "error" : 0,
      "eta" : 0,
      "elapsed" : 31,
      "job options" : {
        "name" : "rust_test",
        "ioscheduler" : "mq-deadline"
      },
      "read" : {
        "io_bytes" : 52895637504,
        "io_kbytes" : 51655896,
        "bw_bytes" : 1763129145,
        "bw" : 1721805,
        "iops" : 430451.451618,
        "runtime" : 30001,
        "total_ios" : 12913974,
        "short_ios" : 0,
        "drop_ios" : 0,
        "slat_ns" : {
          "min" : 0,
          "max" : 0,
          "mean" : 0.000000,
          "stddev" : 0.000000,
          "N" : 0
        },
        "clat_ns" : {
          "min" : 1743,
          "max" : 1939381,
          "mean" : 4409.724478,
          "stddev" : 15935.340338,
          "N" : 12913974,
          "percentile" : {
            "1.000000" : 2128,
            "5.000000" : 2192,
            "10.000000" : 2224,
            "20.000000" : 2288,
            "30.000000" : 2320,
            "40.000000" : 2384,
            "50.000000" : 2448,
            "60.000000" : 2512,
            "70.000000" : 2608,
            "80.000000" : 2736,
            "90.000000" : 3120,
            "95.000000" : 5536,
            "99.000000" : 66048,
            "99.500000" : 93696,
            "99.900000" : 187392,
            "99.950000" : 226304,
            "99.990000" : 610304
          }
        },
        "lat_ns" : {
          "min" : 1763,
          "max" : 1939401,
          "mean" : 4436.689303,
          "stddev" : 15956.953253,
          "N" : 12913974
        },
        "bw_min" : 1615480,
        "bw_max" : 1826984,
        "bw_agg" : 100.000000,
        "bw_mean" : 1723615.440678,
        "bw_dev" : 23247.725119,
        "bw_samples" : 118,
        "iops_min" : 403870,
        "iops_max" : 456746,
        "iops_mean" : 430903.830508,
        "iops_stddev" : 5811.914329,
        "iops_samples" : 118
      },
      "write" : {
        "io_bytes" : 0,
        "io_kbytes" : 0,
        "bw_bytes" : 0,
        "bw" : 0,
        "iops" : 0.000000,
        "runtime" : 0,
        "total_ios" : 0,
        "short_ios" : 0,
        "drop_ios" : 0,
        "slat_ns" : {
          "min" : 0,
          "max" : 0,
          "mean" : 0.000000,
          "stddev" : 0.000000,
          "N" : 0
        },
        "clat_ns" : {
          "min" : 0,
          "max" : 0,
          "mean" : 0.000000,
          "stddev" : 0.000000,
          "N" : 0
        },
        "lat_ns" : {
          "min" : 0,
          "max" : 0,
          "mean" : 0.000000,
          "stddev" : 0.000000,
          "N" : 0
        },
        "bw_min" : 0,
        "bw_max" : 0,
        "bw_agg" : 0.000000,
        "bw_mean" : 0.000000,
        "bw_dev" : 0.000000,
        "bw_samples" : 0,
        "iops_min" : 0,
        "iops_max" : 0,
        "iops_mean" : 0.000000,
        "iops_stddev" : 0.000000,
        "iops_samples" : 0
      },
      "trim" : {
        "io_bytes" : 0,
        "io_kbytes" : 0,
        "bw_bytes" : 0,
        "bw" : 0,
        "iops" : 0.000000,
        "runtime" : 0,
        "total_ios" : 0,
        "short_ios" : 0,
        "drop_ios" : 0,
        "slat_ns" : {
          "min" : 0,
          "max" : 0,
          "mean" : 0.000000,
          "stddev" : 0.000000,
          "N" : 0
        },
        "clat_ns" : {
          "min" : 0,
          "max" : 0,
          "mean" : 0.000000,
          "stddev" : 0.000000,
          "N" : 0
        },
        "lat_ns" : {
          "min" : 0,
          "max" : 0,
          "mean" : 0.000000,
          "stddev" : 0.000000,
          "N" : 0
        },
        "bw_min" : 0,
        "bw_max" : 0,
        "bw_agg" : 0.000000,
        "bw_mean" : 0.000000,
        "bw_dev" : 0.000000,
        "bw_samples" : 0,
        "iops_min" : 0,
        "iops_max" : 0,
        "iops_mean" : 0.000000,
        "iops_stddev" : 0.000000,
        "iops_samples" : 0
      },
      "sync" : {
        "total_ios" : 0,
        "lat_ns" : {
          "min" : 0,
          "max" : 0,
          "mean" : 0.000000,
          "stddev" : 0.000000,
          "N" : 0
        }
      },
      "job_runtime" : 60000,
      "usr_cpu" : 9.216667,
      "sys_cpu" : 67.995000,
      "ctx" : 270000,
      "majf" : 0,
      "minf" : 19,
      "iodepth_level" : {
        "1" : 100.000000,
        "2" : 0.000000,
        "4" : 0.000000,
        "8" : 0.000000,
        "16" : 0.000000,
        "32" : 0.000000,
        ">=64" : 0.000000
      },
      "iodepth_submit" : {
        "0" : 0.000000,
        "4" : 100.000000,
        "8" : 0.000000,
        "16" : 0.000000,
        "32" : 0.000000,
        "64" : 0.000000,
        ">=64" : 0.000000
      },
      "iodepth_complete" : {
        "0" : 0.000000,
        "4" : 100.000000,
        "8" : 0.000000,
        "16" : 0.000000,
        "32" : 0.000000,
        "64" : 0.000000,
        ">=64" : 0.000000
      },
      "latency_ns" : {
        "2" : 0.000000,
        "4" : 0.000000,
        "10" : 0.000000,
        "20" : 0.000000,
        "50" : 0.000000,
        "100" : 0.000000,
        "250" : 0.000000,
        "500" : 0.000000,
        "750" : 0.000000,
        "1000" : 0.000000
      },
      "latency_us" : {
        "2" : 0.049690,
        "4" : 93.404741,
        "10" : 4.389981,
        "20" : 0.198901,
        "50" : 0.187688,
        "100" : 1.297339,
        "250" : 0.435242,
        "500" : 0.021109,
        "750" : 0.011879,
        "1000" : 0.010000
      },
      "latency_ms" : {
        "2" : 0.010000,
        "4" : 0.000000,
        "10" : 0.000000,
        "20" : 0.000000,
        "50" : 0.000000,
        "100" : 0.000000,
        "250" : 0.000000,
        "500" : 0.000000,
        "750" : 0.000000,
        "1000" : 0.000000,
        "2000" : 0.000000,
        ">=2000" : 0.000000
      },
      "latency_depth" : 64,
      "latency_target" : 0,
      "latency_percentile" : 100.000000,
      "latency_window" : 0
    }
  ],
  "disk_util" : [
    {
      "name" : "nullb1",
      "read_ios" : 12864972,
      "write_ios" : 0,
      "read_sectors" : 102919824,
      "write_sectors" : 0,
      "read_merges" : 6,
      "write_merges" : 0,
      "read_ticks" : 489626271549,
      "write_ticks" : 0,
      "in_queue" : 493921238845,
      "util" : 47.160931
    }
  ]
}
