{
  "fio version" : "fio-3.36",
  "timestamp" : 1748133129,
  "timestamp_ms" : 1748133129914,
  "time" : "Sun May 25 00:32:09 2025",
  "global options" : {
    "filename" : "/dev/nullb1",
    "iodepth" : "64",
    "ioengine" : "psync",
    "direct" : "1",
    "rw" : "randread",
    "bs" : "8k",
    "size" : "1G",
    "runtime" : "30",
    "numjobs" : "3"
  },
  "jobs" : [
    {
      "jobname" : "rust_test",
      "groupid" : 0,
      "job_start" : 1748133099894,
      "error" : 0,
      "eta" : 0,
      "elapsed" : 31,
      "job options" : {
        "name" : "rust_test",
        "ioscheduler" : "mq-deadline"
      },
      "read" : {
        "io_bytes" : 107057627136,
        "io_kbytes" : 104548464,
        "bw_bytes" : 3568230748,
        "bw" : 3484600,
        "iops" : 435575.042496,
        "runtime" : 30003,
        "total_ios" : 13068558,
        "short_ios" : 0,
        "drop_ios" : 0,
        "slat_ns" : {
          "min" : 0,
          "max" : 0,
          "mean" : 0.000000,
          "stddev" : 0.000000,
          "N" : 0
        },
        "clat_ns" : {
          "min" : 1984,
          "max" : 2827445,
          "mean" : 6622.718020,
          "stddev" : 22702.392244,
          "N" : 13068558,
          "percentile" : {
            "1.000000" : 2480,
            "5.000000" : 2672,
            "10.000000" : 2736,
            "20.000000" : 2800,
            "30.000000" : 2896,
            "40.000000" : 2960,
            "50.000000" : 3088,
            "60.000000" : 3216,
            "70.000000" : 3408,
            "80.000000" : 3664,
            "90.000000" : 5536,
            "95.000000" : 7840,
            "99.000000" : 91648,
            "99.500000" : 156672,
            "99.900000" : 232448,
            "99.950000" : 305152,
            "99.990000" : 749568
          }
        },
        "lat_ns" : {
          "min" : 2004,
          "max" : 2827465,
          "mean" : 6653.011564,
          "stddev" : 22732.442953,
          "N" : 13068558
        },
        "bw_min" : 3260016,
        "bw_max" : 3710752,
        "bw_agg" : 100.000000,
        "bw_mean" : 3489157.169492,
        "bw_dev" : 33261.623090,
        "bw_samples" : 177,
        "iops_min" : 407502,
        "iops_max" : 463844,
        "iops_mean" : 436144.542373,
        "iops_stddev" : 4157.680142,
        "iops_samples" : 177
      },
      "write" : {
        "io_bytes" : 0,
        "io_kbytes" : 0,
        "bw_bytes" : 0,
        "bw" : 0,
        "iops" : 0.000000,
        "runtime" : 0,
        "total_ios" : 0,
        "short_ios" : 0,
        "drop_ios" : 0,
        "slat_ns" : {
          "min" : 0,
          "max" : 0,
          "mean" : 0.000000,
          "stddev" : 0.000000,
          "N" : 0
        },
        "clat_ns" : {
          "min" : 0,
          "max" : 0,
          "mean" : 0.000000,
          "stddev" : 0.000000,
          "N" : 0
        },
        "lat_ns" : {
          "min" : 0,
          "max" : 0,
          "mean" : 0.000000,
          "stddev" : 0.000000,
          "N" : 0
        },
        "bw_min" : 0,
        "bw_max" : 0,
        "bw_agg" : 0.000000,
        "bw_mean" : 0.000000,
        "bw_dev" : 0.000000,
        "bw_samples" : 0,
        "iops_min" : 0,
        "iops_max" : 0,
        "iops_mean" : 0.000000,
        "iops_stddev" : 0.000000,
        "iops_samples" : 0
      },
      "trim" : {
        "io_bytes" : 0,
        "io_kbytes" : 0,
        "bw_bytes" : 0,
        "bw" : 0,
        "iops" : 0.000000,
        "runtime" : 0,
        "total_ios" : 0,
        "short_ios" : 0,
        "drop_ios" : 0,
        "slat_ns" : {
          "min" : 0,
          "max" : 0,
          "mean" : 0.000000,
          "stddev" : 0.000000,
          "N" : 0
        },
        "clat_ns" : {
          "min" : 0,
          "max" : 0,
          "mean" : 0.000000,
          "stddev" : 0.000000,
          "N" : 0
        },
        "lat_ns" : {
          "min" : 0,
          "max" : 0,
          "mean" : 0.000000,
          "stddev" : 0.000000,
          "N" : 0
        },
        "bw_min" : 0,
        "bw_max" : 0,
        "bw_agg" : 0.000000,
        "bw_mean" : 0.000000,
        "bw_dev" : 0.000000,
        "bw_samples" : 0,
        "iops_min" : 0,
        "iops_max" : 0,
        "iops_mean" : 0.000000,
        "iops_stddev" : 0.000000,
        "iops_samples" : 0
      },
      "sync" : {
        "total_ios" : 0,
        "lat_ns" : {
          "min" : 0,
          "max" : 0,
          "mean" : 0.000000,
          "stddev" : 0.000000,
          "N" : 0
        }
      },
      "job_runtime" : 90002,
      "usr_cpu" : 6.389858,
      "sys_cpu" : 65.035221,
      "ctx" : 497856,
      "majf" : 0,
      "minf" : 37,
      "iodepth_level" : {
        "1" : 100.000000,
        "2" : 0.000000,
        "4" : 0.000000,
        "8" : 0.000000,
        "16" : 0.000000,
        "32" : 0.000000,
        ">=64" : 0.000000
      },
      "iodepth_submit" : {
        "0" : 0.000000,
        "4" : 100.000000,
        "8" : 0.000000,
        "16" : 0.000000,
        "32" : 0.000000,
        "64" : 0.000000,
        ">=64" : 0.000000
      },
      "iodepth_complete" : {
        "0" : 0.000000,
        "4" : 100.000000,
        "8" : 0.000000,
        "16" : 0.000000,
        "32" : 0.000000,
        "64" : 0.000000,
        ">=64" : 0.000000
      },
      "latency_ns" : {
        "2" : 0.000000,
        "4" : 0.000000,
        "10" : 0.000000,
        "20" : 0.000000,
        "50" : 0.000000,
        "100" : 0.000000,
        "250" : 0.000000,
        "500" : 0.000000,
        "750" : 0.000000,
        "1000" : 0.000000
      },
      "latency_us" : {
        "2" : 0.010000,
        "4" : 86.183854,
        "10" : 9.929359,
        "20" : 0.434853,
        "50" : 0.458627,
        "100" : 2.049905,
        "250" : 0.862046,
        "500" : 0.051077,
        "750" : 0.020461,
        "1000" : 0.010000
      },
      "latency_ms" : {
        "2" : 0.010000,
        "4" : 0.010000,
        "10" : 0.000000,
        "20" : 0.000000,
        "50" : 0.000000,
        "100" : 0.000000,
        "250" : 0.000000,
        "500" : 0.000000,
        "750" : 0.000000,
        "1000" : 0.000000,
        "2000" : 0.000000,
        ">=2000" : 0.000000
      },
      "latency_depth" : 64,
      "latency_target" : 0,
      "latency_percentile" : 100.000000,
      "latency_window" : 0
    }
  ],
  "disk_util" : [
    {
      "name" : "nullb1",
      "read_ios" : 13018612,
      "write_ios" : 0,
      "read_sectors" : 208297904,
      "write_sectors" : 0,
      "read_merges" : 7,
      "write_merges" : 0,
      "read_ticks" : 515396074874,
      "write_ticks" : 0,
      "in_queue" : 515396074874,
      "util" : 68.946982
    }
  ]
}
