{
  "fio version" : "fio-3.36",
  "timestamp" : 1748126108,
  "timestamp_ms" : 1748126108419,
  "time" : "Sat May 24 22:35:08 2025",
  "global options" : {
    "filename" : "/dev/nullb0",
    "iodepth" : "64",
    "ioengine" : "psync",
    "direct" : "1",
    "rw" : "write",
    "bs" : "16k",
    "size" : "1G",
    "runtime" : "30",
    "numjobs" : "4"
  },
  "jobs" : [
    {
      "jobname" : "c_test",
      "groupid" : 0,
      "job_start" : 1748126078398,
      "error" : 0,
      "eta" : 0,
      "elapsed" : 31,
      "job options" : {
        "name" : "c_test",
        "ioscheduler" : "none"
      },
      "read" : {
        "io_bytes" : 0,
        "io_kbytes" : 0,
        "bw_bytes" : 0,
        "bw" : 0,
        "iops" : 0.000000,
        "runtime" : 0,
        "total_ios" : 0,
        "short_ios" : 0,
        "drop_ios" : 0,
        "slat_ns" : {
          "min" : 0,
          "max" : 0,
          "mean" : 0.000000,
          "stddev" : 0.000000,
          "N" : 0
        },
        "clat_ns" : {
          "min" : 0,
          "max" : 0,
          "mean" : 0.000000,
          "stddev" : 0.000000,
          "N" : 0
        },
        "lat_ns" : {
          "min" : 0,
          "max" : 0,
          "mean" : 0.000000,
          "stddev" : 0.000000,
          "N" : 0
        },
        "bw_min" : 0,
        "bw_max" : 0,
        "bw_agg" : 0.000000,
        "bw_mean" : 0.000000,
        "bw_dev" : 0.000000,
        "bw_samples" : 0,
        "iops_min" : 0,
        "iops_max" : 0,
        "iops_mean" : 0.000000,
        "iops_stddev" : 0.000000,
        "iops_samples" : 0
      },
      "write" : {
        "io_bytes" : 358527107072,
        "io_kbytes" : 350124128,
        "bw_bytes" : 11950505218,
        "bw" : 11670415,
        "iops" : 729400.953302,
        "runtime" : 30001,
        "total_ios" : 21882758,
        "short_ios" : 0,
        "drop_ios" : 0,
        "slat_ns" : {
          "min" : 0,
          "max" : 0,
          "mean" : 0.000000,
          "stddev" : 0.000000,
          "N" : 0
        },
        "clat_ns" : {
          "min" : 2114,
          "max" : 4667590,
          "mean" : 5234.142657,
          "stddev" : 6088.100447,
          "N" : 21882758,
          "percentile" : {
            "1.000000" : 2736,
            "5.000000" : 3152,
            "10.000000" : 3408,
            "20.000000" : 3696,
            "30.000000" : 3984,
            "40.000000" : 4448,
            "50.000000" : 4832,
            "60.000000" : 5152,
            "70.000000" : 5472,
            "80.000000" : 5920,
            "90.000000" : 7072,
            "95.000000" : 8768,
            "99.000000" : 14400,
            "99.500000" : 21632,
            "99.900000" : 36096,
            "99.950000" : 46848,
            "99.990000" : 79360
          }
        },
        "lat_ns" : {
          "min" : 2164,
          "max" : 4667670,
          "mean" : 5299.306718,
          "stddev" : 6114.191878,
          "N" : 21882758
        },
        "bw_min" : 10951817,
        "bw_max" : 17107946,
        "bw_agg" : 100.000000,
        "bw_mean" : 11867552.470588,
        "bw_dev" : 353958.464324,
        "bw_samples" : 68,
        "iops_min" : 684487,
        "iops_max" : 1069244,
        "iops_mean" : 741720.000000,
        "iops_stddev" : 22122.377464,
        "iops_samples" : 68
      },
      "trim" : {
        "io_bytes" : 0,
        "io_kbytes" : 0,
        "bw_bytes" : 0,
        "bw" : 0,
        "iops" : 0.000000,
        "runtime" : 0,
        "total_ios" : 0,
        "short_ios" : 0,
        "drop_ios" : 0,
        "slat_ns" : {
          "min" : 0,
          "max" : 0,
          "mean" : 0.000000,
          "stddev" : 0.000000,
          "N" : 0
        },
        "clat_ns" : {
          "min" : 0,
          "max" : 0,
          "mean" : 0.000000,
          "stddev" : 0.000000,
          "N" : 0
        },
        "lat_ns" : {
          "min" : 0,
          "max" : 0,
          "mean" : 0.000000,
          "stddev" : 0.000000,
          "N" : 0
        },
        "bw_min" : 0,
        "bw_max" : 0,
        "bw_agg" : 0.000000,
        "bw_mean" : 0.000000,
        "bw_dev" : 0.000000,
        "bw_samples" : 0,
        "iops_min" : 0,
        "iops_max" : 0,
        "iops_mean" : 0.000000,
        "iops_stddev" : 0.000000,
        "iops_samples" : 0
      },
      "sync" : {
        "total_ios" : 0,
        "lat_ns" : {
          "min" : 0,
          "max" : 0,
          "mean" : 0.000000,
          "stddev" : 0.000000,
          "N" : 0
        }
      },
      "job_runtime" : 120000,
      "usr_cpu" : 9.060000,
      "sys_cpu" : 90.908333,
      "ctx" : 137,
      "majf" : 0,
      "minf" : 37,
      "iodepth_level" : {
        "1" : 100.000000,
        "2" : 0.000000,
        "4" : 0.000000,
        "8" : 0.000000,
        "16" : 0.000000,
        "32" : 0.000000,
        ">=64" : 0.000000
      },
      "iodepth_submit" : {
        "0" : 0.000000,
        "4" : 100.000000,
        "8" : 0.000000,
        "16" : 0.000000,
        "32" : 0.000000,
        "64" : 0.000000,
        ">=64" : 0.000000
      },
      "iodepth_complete" : {
        "0" : 0.000000,
        "4" : 100.000000,
        "8" : 0.000000,
        "16" : 0.000000,
        "32" : 0.000000,
        "64" : 0.000000,
        ">=64" : 0.000000
      },
      "latency_ns" : {
        "2" : 0.000000,
        "4" : 0.000000,
        "10" : 0.000000,
        "20" : 0.000000,
        "50" : 0.000000,
        "100" : 0.000000,
        "250" : 0.000000,
        "500" : 0.000000,
        "750" : 0.000000,
        "1000" : 0.000000
      },
      "latency_us" : {
        "2" : 0.000000,
        "4" : 30.365327,
        "10" : 66.740120,
        "20" : 2.306062,
        "50" : 0.545827,
        "100" : 0.035983,
        "250" : 0.010000,
        "500" : 0.010000,
        "750" : 0.010000,
        "1000" : 0.010000
      },
      "latency_ms" : {
        "2" : 0.010000,
        "4" : 0.010000,
        "10" : 0.010000,
        "20" : 0.000000,
        "50" : 0.000000,
        "100" : 0.000000,
        "250" : 0.000000,
        "500" : 0.000000,
        "750" : 0.000000,
        "1000" : 0.000000,
        "2000" : 0.000000,
        ">=2000" : 0.000000
      },
      "latency_depth" : 64,
      "latency_target" : 0,
      "latency_percentile" : 100.000000,
      "latency_window" : 0
    }
  ],
  "disk_util" : [
    {
      "name" : "nullb0",
      "read_ios" : 0,
      "write_ios" : 21866252,
      "read_sectors" : 0,
      "write_sectors" : 699720064,
      "read_merges" : 0,
      "write_merges" : 0,
      "read_ticks" : 0,
      "write_ticks" : 0,
      "in_queue" : 0,
      "util" : 99.481573
    }
  ]
}
