{
  "fio version" : "fio-3.36",
  "timestamp" : 1748132066,
  "timestamp_ms" : 1748132066637,
  "time" : "Sun May 25 00:14:26 2025",
  "global options" : {
    "filename" : "/dev/nullb0",
    "iodepth" : "64",
    "ioengine" : "psync",
    "direct" : "1",
    "rw" : "write",
    "bs" : "32k",
    "size" : "1G",
    "runtime" : "30",
    "numjobs" : "2"
  },
  "jobs" : [
    {
      "jobname" : "c_test",
      "groupid" : 0,
      "job_start" : 1748132036613,
      "error" : 0,
      "eta" : 0,
      "elapsed" : 31,
      "job options" : {
        "name" : "c_test",
        "ioscheduler" : "mq-deadline"
      },
      "read" : {
        "io_bytes" : 0,
        "io_kbytes" : 0,
        "bw_bytes" : 0,
        "bw" : 0,
        "iops" : 0.000000,
        "runtime" : 0,
        "total_ios" : 0,
        "short_ios" : 0,
        "drop_ios" : 0,
        "slat_ns" : {
          "min" : 0,
          "max" : 0,
          "mean" : 0.000000,
          "stddev" : 0.000000,
          "N" : 0
        },
        "clat_ns" : {
          "min" : 0,
          "max" : 0,
          "mean" : 0.000000,
          "stddev" : 0.000000,
          "N" : 0
        },
        "lat_ns" : {
          "min" : 0,
          "max" : 0,
          "mean" : 0.000000,
          "stddev" : 0.000000,
          "N" : 0
        },
        "bw_min" : 0,
        "bw_max" : 0,
        "bw_agg" : 0.000000,
        "bw_mean" : 0.000000,
        "bw_dev" : 0.000000,
        "bw_samples" : 0,
        "iops_min" : 0,
        "iops_max" : 0,
        "iops_mean" : 0.000000,
        "iops_stddev" : 0.000000,
        "iops_samples" : 0
      },
      "write" : {
        "io_bytes" : 294697926656,
        "io_kbytes" : 287790944,
        "bw_bytes" : 9822936790,
        "bw" : 9592711,
        "iops" : 299772.240925,
        "runtime" : 30001,
        "total_ios" : 8993467,
        "short_ios" : 0,
        "drop_ios" : 0,
        "slat_ns" : {
          "min" : 0,
          "max" : 0,
          "mean" : 0.000000,
          "stddev" : 0.000000,
          "N" : 0
        },
        "clat_ns" : {
          "min" : 3246,
          "max" : 4139027,
          "mean" : 6404.220103,
          "stddev" : 19522.578901,
          "N" : 8993467,
          "percentile" : {
            "1.000000" : 3472,
            "5.000000" : 3824,
            "10.000000" : 3952,
            "20.000000" : 4128,
            "30.000000" : 4256,
            "40.000000" : 4384,
            "50.000000" : 4512,
            "60.000000" : 4640,
            "70.000000" : 4768,
            "80.000000" : 4960,
            "90.000000" : 5408,
            "95.000000" : 6368,
            "99.000000" : 66048,
            "99.500000" : 129536,
            "99.900000" : 220160,
            "99.950000" : 284672,
            "99.990000" : 765952
          }
        },
        "lat_ns" : {
          "min" : 3306,
          "max" : 4139338,
          "mean" : 6500.342765,
          "stddev" : 19613.050093,
          "N" : 8993467
        },
        "bw_min" : 6290368,
        "bw_max" : 11282779,
        "bw_agg" : 100.000000,
        "bw_mean" : 9594200.322034,
        "bw_dev" : 737677.731586,
        "bw_samples" : 118,
        "iops_min" : 196574,
        "iops_max" : 352586,
        "iops_mean" : 299818.135593,
        "iops_stddev" : 23052.347835,
        "iops_samples" : 118
      },
      "trim" : {
        "io_bytes" : 0,
        "io_kbytes" : 0,
        "bw_bytes" : 0,
        "bw" : 0,
        "iops" : 0.000000,
        "runtime" : 0,
        "total_ios" : 0,
        "short_ios" : 0,
        "drop_ios" : 0,
        "slat_ns" : {
          "min" : 0,
          "max" : 0,
          "mean" : 0.000000,
          "stddev" : 0.000000,
          "N" : 0
        },
        "clat_ns" : {
          "min" : 0,
          "max" : 0,
          "mean" : 0.000000,
          "stddev" : 0.000000,
          "N" : 0
        },
        "lat_ns" : {
          "min" : 0,
          "max" : 0,
          "mean" : 0.000000,
          "stddev" : 0.000000,
          "N" : 0
        },
        "bw_min" : 0,
        "bw_max" : 0,
        "bw_agg" : 0.000000,
        "bw_mean" : 0.000000,
        "bw_dev" : 0.000000,
        "bw_samples" : 0,
        "iops_min" : 0,
        "iops_max" : 0,
        "iops_mean" : 0.000000,
        "iops_stddev" : 0.000000,
        "iops_samples" : 0
      },
      "sync" : {
        "total_ios" : 0,
        "lat_ns" : {
          "min" : 0,
          "max" : 0,
          "mean" : 0.000000,
          "stddev" : 0.000000,
          "N" : 0
        }
      },
      "job_runtime" : 60000,
      "usr_cpu" : 6.115000,
      "sys_cpu" : 83.435000,
      "ctx" : 82912,
      "majf" : 0,
      "minf" : 18,
      "iodepth_level" : {
        "1" : 100.000000,
        "2" : 0.000000,
        "4" : 0.000000,
        "8" : 0.000000,
        "16" : 0.000000,
        "32" : 0.000000,
        ">=64" : 0.000000
      },
      "iodepth_submit" : {
        "0" : 0.000000,
        "4" : 100.000000,
        "8" : 0.000000,
        "16" : 0.000000,
        "32" : 0.000000,
        "64" : 0.000000,
        ">=64" : 0.000000
      },
      "iodepth_complete" : {
        "0" : 0.000000,
        "4" : 100.000000,
        "8" : 0.000000,
        "16" : 0.000000,
        "32" : 0.000000,
        "64" : 0.000000,
        ">=64" : 0.000000
      },
      "latency_ns" : {
        "2" : 0.000000,
        "4" : 0.000000,
        "10" : 0.000000,
        "20" : 0.000000,
        "50" : 0.000000,
        "100" : 0.000000,
        "250" : 0.000000,
        "500" : 0.000000,
        "750" : 0.000000,
        "1000" : 0.000000
      },
      "latency_us" : {
        "2" : 0.000000,
        "4" : 11.843308,
        "10" : 86.017962,
        "20" : 0.555114,
        "50" : 0.328183,
        "100" : 0.593331,
        "250" : 0.594454,
        "500" : 0.037260,
        "750" : 0.019336,
        "1000" : 0.010000
      },
      "latency_ms" : {
        "2" : 0.010000,
        "4" : 0.010000,
        "10" : 0.010000,
        "20" : 0.000000,
        "50" : 0.000000,
        "100" : 0.000000,
        "250" : 0.000000,
        "500" : 0.000000,
        "750" : 0.000000,
        "1000" : 0.000000,
        "2000" : 0.000000,
        ">=2000" : 0.000000
      },
      "latency_depth" : 64,
      "latency_target" : 0,
      "latency_percentile" : 100.000000,
      "latency_window" : 0
    }
  ],
  "disk_util" : [
    {
      "name" : "nullb0",
      "read_ios" : 0,
      "write_ios" : 8988291,
      "read_sectors" : 0,
      "write_sectors" : 575271424,
      "read_merges" : 0,
      "write_merges" : 325,
      "read_ticks" : 0,
      "write_ticks" : 408021892943,
      "in_queue" : 420906794832,
      "util" : 66.115620
    }
  ]
}
