{
  "fio version" : "fio-3.36",
  "timestamp" : 1748132218,
  "timestamp_ms" : 1748132218465,
  "time" : "Sun May 25 00:16:58 2025",
  "global options" : {
    "filename" : "/dev/nullb1",
    "iodepth" : "64",
    "ioengine" : "psync",
    "direct" : "1",
    "rw" : "write",
    "bs" : "32k",
    "size" : "1G",
    "runtime" : "30",
    "numjobs" : "4"
  },
  "jobs" : [
    {
      "jobname" : "rust_test",
      "groupid" : 0,
      "job_start" : 1748132188442,
      "error" : 0,
      "eta" : 0,
      "elapsed" : 31,
      "job options" : {
        "name" : "rust_test",
        "ioscheduler" : "mq-deadline"
      },
      "read" : {
        "io_bytes" : 0,
        "io_kbytes" : 0,
        "bw_bytes" : 0,
        "bw" : 0,
        "iops" : 0.000000,
        "runtime" : 0,
        "total_ios" : 0,
        "short_ios" : 0,
        "drop_ios" : 0,
        "slat_ns" : {
          "min" : 0,
          "max" : 0,
          "mean" : 0.000000,
          "stddev" : 0.000000,
          "N" : 0
        },
        "clat_ns" : {
          "min" : 0,
          "max" : 0,
          "mean" : 0.000000,
          "stddev" : 0.000000,
          "N" : 0
        },
        "lat_ns" : {
          "min" : 0,
          "max" : 0,
          "mean" : 0.000000,
          "stddev" : 0.000000,
          "N" : 0
        },
        "bw_min" : 0,
        "bw_max" : 0,
        "bw_agg" : 0.000000,
        "bw_mean" : 0.000000,
        "bw_dev" : 0.000000,
        "bw_samples" : 0,
        "iops_min" : 0,
        "iops_max" : 0,
        "iops_mean" : 0.000000,
        "iops_stddev" : 0.000000,
        "iops_samples" : 0
      },
      "write" : {
        "io_bytes" : 377180946432,
        "io_kbytes" : 368340768,
        "bw_bytes" : 12572279138,
        "bw" : 12277616,
        "iops" : 383675.510816,
        "runtime" : 30001,
        "total_ios" : 11510649,
        "short_ios" : 0,
        "drop_ios" : 0,
        "slat_ns" : {
          "min" : 0,
          "max" : 0,
          "mean" : 0.000000,
          "stddev" : 0.000000,
          "N" : 0
        },
        "clat_ns" : {
          "min" : 3286,
          "max" : 3160958,
          "mean" : 10085.927615,
          "stddev" : 31476.786811,
          "N" : 11510649,
          "percentile" : {
            "1.000000" : 3408,
            "5.000000" : 3472,
            "10.000000" : 3472,
            "20.000000" : 3536,
            "30.000000" : 3856,
            "40.000000" : 4128,
            "50.000000" : 4320,
            "60.000000" : 4576,
            "70.000000" : 4896,
            "80.000000" : 5600,
            "90.000000" : 8512,
            "95.000000" : 43264,
            "99.000000" : 152576,
            "99.500000" : 185344,
            "99.900000" : 301056,
            "99.950000" : 585728,
            "99.990000" : 1003520
          }
        },
        "lat_ns" : {
          "min" : 3357,
          "max" : 3161038,
          "mean" : 10209.923408,
          "stddev" : 31594.904493,
          "N" : 11510649
        },
        "bw_min" : 10852480,
        "bw_max" : 12657477,
        "bw_agg" : 100.000000,
        "bw_mean" : 12306153.491525,
        "bw_dev" : 110890.932921,
        "bw_samples" : 236,
        "iops_min" : 339140,
        "iops_max" : 395546,
        "iops_mean" : 384567.084746,
        "iops_stddev" : 3465.334044,
        "iops_samples" : 236
      },
      "trim" : {
        "io_bytes" : 0,
        "io_kbytes" : 0,
        "bw_bytes" : 0,
        "bw" : 0,
        "iops" : 0.000000,
        "runtime" : 0,
        "total_ios" : 0,
        "short_ios" : 0,
        "drop_ios" : 0,
        "slat_ns" : {
          "min" : 0,
          "max" : 0,
          "mean" : 0.000000,
          "stddev" : 0.000000,
          "N" : 0
        },
        "clat_ns" : {
          "min" : 0,
          "max" : 0,
          "mean" : 0.000000,
          "stddev" : 0.000000,
          "N" : 0
        },
        "lat_ns" : {
          "min" : 0,
          "max" : 0,
          "mean" : 0.000000,
          "stddev" : 0.000000,
          "N" : 0
        },
        "bw_min" : 0,
        "bw_max" : 0,
        "bw_agg" : 0.000000,
        "bw_mean" : 0.000000,
        "bw_dev" : 0.000000,
        "bw_samples" : 0,
        "iops_min" : 0,
        "iops_max" : 0,
        "iops_mean" : 0.000000,
        "iops_stddev" : 0.000000,
        "iops_samples" : 0
      },
      "sync" : {
        "total_ios" : 0,
        "lat_ns" : {
          "min" : 0,
          "max" : 0,
          "mean" : 0.000000,
          "stddev" : 0.000000,
          "N" : 0
        }
      },
      "job_runtime" : 120000,
      "usr_cpu" : 4.670000,
      "sys_cpu" : 64.414167,
      "ctx" : 596278,
      "majf" : 0,
      "minf" : 36,
      "iodepth_level" : {
        "1" : 100.000000,
        "2" : 0.000000,
        "4" : 0.000000,
        "8" : 0.000000,
        "16" : 0.000000,
        "32" : 0.000000,
        ">=64" : 0.000000
      },
      "iodepth_submit" : {
        "0" : 0.000000,
        "4" : 100.000000,
        "8" : 0.000000,
        "16" : 0.000000,
        "32" : 0.000000,
        "64" : 0.000000,
        ">=64" : 0.000000
      },
      "iodepth_complete" : {
        "0" : 0.000000,
        "4" : 100.000000,
        "8" : 0.000000,
        "16" : 0.000000,
        "32" : 0.000000,
        "64" : 0.000000,
        ">=64" : 0.000000
      },
      "latency_ns" : {
        "2" : 0.000000,
        "4" : 0.000000,
        "10" : 0.000000,
        "20" : 0.000000,
        "50" : 0.000000,
        "100" : 0.000000,
        "250" : 0.000000,
        "500" : 0.000000,
        "750" : 0.000000,
        "1000" : 0.000000
      },
      "latency_us" : {
        "2" : 0.000000,
        "4" : 35.032577,
        "10" : 57.441322,
        "20" : 1.986882,
        "50" : 0.890098,
        "100" : 3.019517,
        "250" : 1.476824,
        "500" : 0.094999,
        "750" : 0.029008,
        "1000" : 0.018661
      },
      "latency_ms" : {
        "2" : 0.010008,
        "4" : 0.010000,
        "10" : 0.000000,
        "20" : 0.000000,
        "50" : 0.000000,
        "100" : 0.000000,
        "250" : 0.000000,
        "500" : 0.000000,
        "750" : 0.000000,
        "1000" : 0.000000,
        "2000" : 0.000000,
        ">=2000" : 0.000000
      },
      "latency_depth" : 64,
      "latency_target" : 0,
      "latency_percentile" : 100.000000,
      "latency_window" : 0
    }
  ],
  "disk_util" : [
    {
      "name" : "nullb1",
      "read_ios" : 0,
      "write_ios" : 11462468,
      "read_sectors" : 0,
      "write_sectors" : 734038208,
      "read_merges" : 0,
      "write_merges" : 6879,
      "read_ticks" : 0,
      "write_ticks" : 515396074392,
      "in_queue" : 515396074393,
      "util" : 81.193243
    }
  ]
}
