{
  "fio version" : "fio-3.36",
  "timestamp" : 1748131975,
  "timestamp_ms" : 1748131975565,
  "time" : "Sun May 25 00:12:55 2025",
  "global options" : {
    "filename" : "/dev/nullb1",
    "iodepth" : "64",
    "ioengine" : "psync",
    "direct" : "1",
    "rw" : "write",
    "bs" : "16k",
    "size" : "1G",
    "runtime" : "30",
    "numjobs" : "4"
  },
  "jobs" : [
    {
      "jobname" : "rust_test",
      "groupid" : 0,
      "job_start" : 1748131945549,
      "error" : 0,
      "eta" : 0,
      "elapsed" : 31,
      "job options" : {
        "name" : "rust_test",
        "ioscheduler" : "mq-deadline"
      },
      "read" : {
        "io_bytes" : 0,
        "io_kbytes" : 0,
        "bw_bytes" : 0,
        "bw" : 0,
        "iops" : 0.000000,
        "runtime" : 0,
        "total_ios" : 0,
        "short_ios" : 0,
        "drop_ios" : 0,
        "slat_ns" : {
          "min" : 0,
          "max" : 0,
          "mean" : 0.000000,
          "stddev" : 0.000000,
          "N" : 0
        },
        "clat_ns" : {
          "min" : 0,
          "max" : 0,
          "mean" : 0.000000,
          "stddev" : 0.000000,
          "N" : 0
        },
        "lat_ns" : {
          "min" : 0,
          "max" : 0,
          "mean" : 0.000000,
          "stddev" : 0.000000,
          "N" : 0
        },
        "bw_min" : 0,
        "bw_max" : 0,
        "bw_agg" : 0.000000,
        "bw_mean" : 0.000000,
        "bw_dev" : 0.000000,
        "bw_samples" : 0,
        "iops_min" : 0,
        "iops_max" : 0,
        "iops_mean" : 0.000000,
        "iops_stddev" : 0.000000,
        "iops_samples" : 0
      },
      "write" : {
        "io_bytes" : 219337900032,
        "io_kbytes" : 214197168,
        "bw_bytes" : 7311019633,
        "bw" : 7139667,
        "iops" : 446229.225692,
        "runtime" : 30001,
        "total_ios" : 13387323,
        "short_ios" : 0,
        "drop_ios" : 0,
        "slat_ns" : {
          "min" : 0,
          "max" : 0,
          "mean" : 0.000000,
          "stddev" : 0.000000,
          "N" : 0
        },
        "clat_ns" : {
          "min" : 2455,
          "max" : 6425450,
          "mean" : 8679.016012,
          "stddev" : 30214.752166,
          "N" : 13387323,
          "percentile" : {
            "1.000000" : 2672,
            "5.000000" : 2768,
            "10.000000" : 2960,
            "20.000000" : 3120,
            "30.000000" : 3216,
            "40.000000" : 3344,
            "50.000000" : 3472,
            "60.000000" : 3632,
            "70.000000" : 3856,
            "80.000000" : 4384,
            "90.000000" : 7264,
            "95.000000" : 15168,
            "99.000000" : 140288,
            "99.500000" : 183296,
            "99.900000" : 296960,
            "99.950000" : 522240,
            "99.990000" : 978944
          }
        },
        "lat_ns" : {
          "min" : 2505,
          "max" : 6425500,
          "mean" : 8758.820447,
          "stddev" : 30283.692318,
          "N" : 13387323
        },
        "bw_min" : 6377440,
        "bw_max" : 8218848,
        "bw_agg" : 100.000000,
        "bw_mean" : 7147329.694915,
        "bw_dev" : 100225.893666,
        "bw_samples" : 236,
        "iops_min" : 398590,
        "iops_max" : 513678,
        "iops_mean" : 446707.847458,
        "iops_stddev" : 6264.116187,
        "iops_samples" : 236
      },
      "trim" : {
        "io_bytes" : 0,
        "io_kbytes" : 0,
        "bw_bytes" : 0,
        "bw" : 0,
        "iops" : 0.000000,
        "runtime" : 0,
        "total_ios" : 0,
        "short_ios" : 0,
        "drop_ios" : 0,
        "slat_ns" : {
          "min" : 0,
          "max" : 0,
          "mean" : 0.000000,
          "stddev" : 0.000000,
          "N" : 0
        },
        "clat_ns" : {
          "min" : 0,
          "max" : 0,
          "mean" : 0.000000,
          "stddev" : 0.000000,
          "N" : 0
        },
        "lat_ns" : {
          "min" : 0,
          "max" : 0,
          "mean" : 0.000000,
          "stddev" : 0.000000,
          "N" : 0
        },
        "bw_min" : 0,
        "bw_max" : 0,
        "bw_agg" : 0.000000,
        "bw_mean" : 0.000000,
        "bw_dev" : 0.000000,
        "bw_samples" : 0,
        "iops_min" : 0,
        "iops_max" : 0,
        "iops_mean" : 0.000000,
        "iops_stddev" : 0.000000,
        "iops_samples" : 0
      },
      "sync" : {
        "total_ios" : 0,
        "lat_ns" : {
          "min" : 0,
          "max" : 0,
          "mean" : 0.000000,
          "stddev" : 0.000000,
          "N" : 0
        }
      },
      "job_runtime" : 120000,
      "usr_cpu" : 4.670833,
      "sys_cpu" : 62.767500,
      "ctx" : 696445,
      "majf" : 0,
      "minf" : 37,
      "iodepth_level" : {
        "1" : 100.000000,
        "2" : 0.000000,
        "4" : 0.000000,
        "8" : 0.000000,
        "16" : 0.000000,
        "32" : 0.000000,
        ">=64" : 0.000000
      },
      "iodepth_submit" : {
        "0" : 0.000000,
        "4" : 100.000000,
        "8" : 0.000000,
        "16" : 0.000000,
        "32" : 0.000000,
        "64" : 0.000000,
        ">=64" : 0.000000
      },
      "iodepth_complete" : {
        "0" : 0.000000,
        "4" : 100.000000,
        "8" : 0.000000,
        "16" : 0.000000,
        "32" : 0.000000,
        "64" : 0.000000,
        ">=64" : 0.000000
      },
      "latency_ns" : {
        "2" : 0.000000,
        "4" : 0.000000,
        "10" : 0.000000,
        "20" : 0.000000,
        "50" : 0.000000,
        "100" : 0.000000,
        "250" : 0.000000,
        "500" : 0.000000,
        "750" : 0.000000,
        "1000" : 0.000000
      },
      "latency_us" : {
        "2" : 0.000000,
        "4" : 74.130205,
        "10" : 19.971312,
        "20" : 1.038550,
        "50" : 0.718247,
        "100" : 2.721291,
        "250" : 1.265466,
        "500" : 0.103210,
        "750" : 0.025547,
        "1000" : 0.016792
      },
      "latency_ms" : {
        "2" : 0.010000,
        "4" : 0.010000,
        "10" : 0.010000,
        "20" : 0.000000,
        "50" : 0.000000,
        "100" : 0.000000,
        "250" : 0.000000,
        "500" : 0.000000,
        "750" : 0.000000,
        "1000" : 0.000000,
        "2000" : 0.000000,
        ">=2000" : 0.000000
      },
      "latency_depth" : 64,
      "latency_target" : 0,
      "latency_percentile" : 100.000000,
      "latency_window" : 0
    }
  ],
  "disk_util" : [
    {
      "name" : "nullb1",
      "read_ios" : 0,
      "write_ios" : 13335676,
      "read_sectors" : 0,
      "write_sectors" : 426774720,
      "read_merges" : 0,
      "write_merges" : 1034,
      "read_ticks" : 0,
      "write_ticks" : 515396074518,
      "in_queue" : 515396074518,
      "util" : 80.762681
    }
  ]
}
