{
  "fio version" : "fio-3.36",
  "timestamp" : 1748127598,
  "timestamp_ms" : 1748127598451,
  "time" : "Sat May 24 22:59:58 2025",
  "global options" : {
    "filename" : "/dev/nullb1",
    "iodepth" : "64",
    "ioengine" : "psync",
    "direct" : "1",
    "rw" : "randread",
    "bs" : "16k",
    "size" : "1G",
    "runtime" : "30",
    "numjobs" : "4"
  },
  "jobs" : [
    {
      "jobname" : "rust_test",
      "groupid" : 0,
      "job_start" : 1748127568437,
      "error" : 0,
      "eta" : 0,
      "elapsed" : 31,
      "job options" : {
        "name" : "rust_test",
        "ioscheduler" : "none"
      },
      "read" : {
        "io_bytes" : 313149964288,
        "io_kbytes" : 305810512,
        "bw_bytes" : 10437984210,
        "bw" : 10193343,
        "iops" : 637083.997200,
        "runtime" : 30001,
        "total_ios" : 19113157,
        "short_ios" : 0,
        "drop_ios" : 0,
        "slat_ns" : {
          "min" : 0,
          "max" : 0,
          "mean" : 0.000000,
          "stddev" : 0.000000,
          "N" : 0
        },
        "clat_ns" : {
          "min" : 2204,
          "max" : 21956944,
          "mean" : 6089.783928,
          "stddev" : 12000.520310,
          "N" : 19113157,
          "percentile" : {
            "1.000000" : 2960,
            "5.000000" : 3408,
            "10.000000" : 3792,
            "20.000000" : 4048,
            "30.000000" : 4192,
            "40.000000" : 4384,
            "50.000000" : 4640,
            "60.000000" : 5280,
            "70.000000" : 5920,
            "80.000000" : 7136,
            "90.000000" : 9024,
            "95.000000" : 11712,
            "99.000000" : 19584,
            "99.500000" : 23936,
            "99.900000" : 118272,
            "99.950000" : 132096,
            "99.990000" : 325632
          }
        },
        "lat_ns" : {
          "min" : 2214,
          "max" : 21956974,
          "mean" : 6107.432473,
          "stddev" : 12011.276988,
          "N" : 19113157
        },
        "bw_min" : 8628045,
        "bw_max" : 11970463,
        "bw_agg" : 96.242313,
        "bw_mean" : 9810310.333333,
        "bw_dev" : 254077.713013,
        "bw_samples" : 120,
        "iops_min" : 539251,
        "iops_max" : 748152,
        "iops_mean" : 613142.600000,
        "iops_stddev" : 15879.897162,
        "iops_samples" : 120
      },
      "write" : {
        "io_bytes" : 0,
        "io_kbytes" : 0,
        "bw_bytes" : 0,
        "bw" : 0,
        "iops" : 0.000000,
        "runtime" : 0,
        "total_ios" : 0,
        "short_ios" : 0,
        "drop_ios" : 0,
        "slat_ns" : {
          "min" : 0,
          "max" : 0,
          "mean" : 0.000000,
          "stddev" : 0.000000,
          "N" : 0
        },
        "clat_ns" : {
          "min" : 0,
          "max" : 0,
          "mean" : 0.000000,
          "stddev" : 0.000000,
          "N" : 0
        },
        "lat_ns" : {
          "min" : 0,
          "max" : 0,
          "mean" : 0.000000,
          "stddev" : 0.000000,
          "N" : 0
        },
        "bw_min" : 0,
        "bw_max" : 0,
        "bw_agg" : 0.000000,
        "bw_mean" : 0.000000,
        "bw_dev" : 0.000000,
        "bw_samples" : 0,
        "iops_min" : 0,
        "iops_max" : 0,
        "iops_mean" : 0.000000,
        "iops_stddev" : 0.000000,
        "iops_samples" : 0
      },
      "trim" : {
        "io_bytes" : 0,
        "io_kbytes" : 0,
        "bw_bytes" : 0,
        "bw" : 0,
        "iops" : 0.000000,
        "runtime" : 0,
        "total_ios" : 0,
        "short_ios" : 0,
        "drop_ios" : 0,
        "slat_ns" : {
          "min" : 0,
          "max" : 0,
          "mean" : 0.000000,
          "stddev" : 0.000000,
          "N" : 0
        },
        "clat_ns" : {
          "min" : 0,
          "max" : 0,
          "mean" : 0.000000,
          "stddev" : 0.000000,
          "N" : 0
        },
        "lat_ns" : {
          "min" : 0,
          "max" : 0,
          "mean" : 0.000000,
          "stddev" : 0.000000,
          "N" : 0
        },
        "bw_min" : 0,
        "bw_max" : 0,
        "bw_agg" : 0.000000,
        "bw_mean" : 0.000000,
        "bw_dev" : 0.000000,
        "bw_samples" : 0,
        "iops_min" : 0,
        "iops_max" : 0,
        "iops_mean" : 0.000000,
        "iops_stddev" : 0.000000,
        "iops_samples" : 0
      },
      "sync" : {
        "total_ios" : 0,
        "lat_ns" : {
          "min" : 0,
          "max" : 0,
          "mean" : 0.000000,
          "stddev" : 0.000000,
          "N" : 0
        }
      },
      "job_runtime" : 120000,
      "usr_cpu" : 5.700000,
      "sys_cpu" : 91.491667,
      "ctx" : 190,
      "majf" : 0,
      "minf" : 57,
      "iodepth_level" : {
        "1" : 100.000000,
        "2" : 0.000000,
        "4" : 0.000000,
        "8" : 0.000000,
        "16" : 0.000000,
        "32" : 0.000000,
        ">=64" : 0.000000
      },
      "iodepth_submit" : {
        "0" : 0.000000,
        "4" : 100.000000,
        "8" : 0.000000,
        "16" : 0.000000,
        "32" : 0.000000,
        "64" : 0.000000,
        ">=64" : 0.000000
      },
      "iodepth_complete" : {
        "0" : 0.000000,
        "4" : 100.000000,
        "8" : 0.000000,
        "16" : 0.000000,
        "32" : 0.000000,
        "64" : 0.000000,
        ">=64" : 0.000000
      },
      "latency_ns" : {
        "2" : 0.000000,
        "4" : 0.000000,
        "10" : 0.000000,
        "20" : 0.000000,
        "50" : 0.000000,
        "100" : 0.000000,
        "250" : 0.000000,
        "500" : 0.000000,
        "750" : 0.000000,
        "1000" : 0.000000
      },
      "latency_us" : {
        "2" : 0.000000,
        "4" : 17.783724,
        "10" : 74.472271,
        "20" : 6.801430,
        "50" : 0.776538,
        "100" : 0.036153,
        "250" : 0.113377,
        "500" : 0.010000,
        "750" : 0.010000,
        "1000" : 0.010000
      },
      "latency_ms" : {
        "2" : 0.010000,
        "4" : 0.010000,
        "10" : 0.000000,
        "20" : 0.010000,
        "50" : 0.010000,
        "100" : 0.000000,
        "250" : 0.000000,
        "500" : 0.000000,
        "750" : 0.000000,
        "1000" : 0.000000,
        "2000" : 0.000000,
        ">=2000" : 0.000000
      },
      "latency_depth" : 64,
      "latency_target" : 0,
      "latency_percentile" : 100.000000,
      "latency_window" : 0
    }
  ],
  "disk_util" : [
    {
      "name" : "nullb1",
      "read_ios" : 18564430,
      "write_ios" : 0,
      "read_sectors" : 594061760,
      "write_sectors" : 0,
      "read_merges" : 0,
      "write_merges" : 0,
      "read_ticks" : 0,
      "write_ticks" : 0,
      "in_queue" : 0,
      "util" : 98.752989
    }
  ]
}
