{
  "fio version" : "fio-3.36",
  "timestamp" : 1748128086,
  "timestamp_ms" : 1748128086598,
  "time" : "Sat May 24 23:08:06 2025",
  "global options" : {
    "filename" : "/dev/nullb1",
    "iodepth" : "64",
    "ioengine" : "psync",
    "direct" : "1",
    "rw" : "randread",
    "bs" : "64k",
    "size" : "1G",
    "runtime" : "30",
    "numjobs" : "4"
  },
  "jobs" : [
    {
      "jobname" : "rust_test",
      "groupid" : 0,
      "job_start" : 1748128056583,
      "error" : 0,
      "eta" : 0,
      "elapsed" : 31,
      "job options" : {
        "name" : "rust_test",
        "ioscheduler" : "none"
      },
      "read" : {
        "io_bytes" : 420194877440,
        "io_kbytes" : 410346560,
        "bw_bytes" : 14006029047,
        "bw" : 13677762,
        "iops" : 213715.042832,
        "runtime" : 30001,
        "total_ios" : 6411665,
        "short_ios" : 0,
        "drop_ios" : 0,
        "slat_ns" : {
          "min" : 0,
          "max" : 0,
          "mean" : 0.000000,
          "stddev" : 0.000000,
          "N" : 0
        },
        "clat_ns" : {
          "min" : 4759,
          "max" : 1729982,
          "mean" : 18400.463670,
          "stddev" : 31207.800523,
          "N" : 6411665,
          "percentile" : {
            "1.000000" : 7072,
            "5.000000" : 7584,
            "10.000000" : 7840,
            "20.000000" : 8160,
            "30.000000" : 8512,
            "40.000000" : 8896,
            "50.000000" : 11840,
            "60.000000" : 12992,
            "70.000000" : 16512,
            "80.000000" : 21120,
            "90.000000" : 31616,
            "95.000000" : 51968,
            "99.000000" : 124416,
            "99.500000" : 148480,
            "99.900000" : 284672,
            "99.950000" : 815104,
            "99.990000" : 1056768
          }
        },
        "lat_ns" : {
          "min" : 4779,
          "max" : 1730002,
          "mean" : 18434.084319,
          "stddev" : 31252.198880,
          "N" : 6411665
        },
        "bw_min" : 10291420,
        "bw_max" : 19936206,
        "bw_agg" : 98.935376,
        "bw_mean" : 13532146.979592,
        "bw_dev" : 416738.024637,
        "bw_samples" : 196,
        "iops_min" : 160801,
        "iops_max" : 311500,
        "iops_mean" : 211437.897959,
        "iops_stddev" : 6511.455920,
        "iops_samples" : 196
      },
      "write" : {
        "io_bytes" : 0,
        "io_kbytes" : 0,
        "bw_bytes" : 0,
        "bw" : 0,
        "iops" : 0.000000,
        "runtime" : 0,
        "total_ios" : 0,
        "short_ios" : 0,
        "drop_ios" : 0,
        "slat_ns" : {
          "min" : 0,
          "max" : 0,
          "mean" : 0.000000,
          "stddev" : 0.000000,
          "N" : 0
        },
        "clat_ns" : {
          "min" : 0,
          "max" : 0,
          "mean" : 0.000000,
          "stddev" : 0.000000,
          "N" : 0
        },
        "lat_ns" : {
          "min" : 0,
          "max" : 0,
          "mean" : 0.000000,
          "stddev" : 0.000000,
          "N" : 0
        },
        "bw_min" : 0,
        "bw_max" : 0,
        "bw_agg" : 0.000000,
        "bw_mean" : 0.000000,
        "bw_dev" : 0.000000,
        "bw_samples" : 0,
        "iops_min" : 0,
        "iops_max" : 0,
        "iops_mean" : 0.000000,
        "iops_stddev" : 0.000000,
        "iops_samples" : 0
      },
      "trim" : {
        "io_bytes" : 0,
        "io_kbytes" : 0,
        "bw_bytes" : 0,
        "bw" : 0,
        "iops" : 0.000000,
        "runtime" : 0,
        "total_ios" : 0,
        "short_ios" : 0,
        "drop_ios" : 0,
        "slat_ns" : {
          "min" : 0,
          "max" : 0,
          "mean" : 0.000000,
          "stddev" : 0.000000,
          "N" : 0
        },
        "clat_ns" : {
          "min" : 0,
          "max" : 0,
          "mean" : 0.000000,
          "stddev" : 0.000000,
          "N" : 0
        },
        "lat_ns" : {
          "min" : 0,
          "max" : 0,
          "mean" : 0.000000,
          "stddev" : 0.000000,
          "N" : 0
        },
        "bw_min" : 0,
        "bw_max" : 0,
        "bw_agg" : 0.000000,
        "bw_mean" : 0.000000,
        "bw_dev" : 0.000000,
        "bw_samples" : 0,
        "iops_min" : 0,
        "iops_max" : 0,
        "iops_mean" : 0.000000,
        "iops_stddev" : 0.000000,
        "iops_samples" : 0
      },
      "sync" : {
        "total_ios" : 0,
        "lat_ns" : {
          "min" : 0,
          "max" : 0,
          "mean" : 0.000000,
          "stddev" : 0.000000,
          "N" : 0
        }
      },
      "job_runtime" : 120000,
      "usr_cpu" : 3.805000,
      "sys_cpu" : 96.157500,
      "ctx" : 333,
      "majf" : 0,
      "minf" : 104,
      "iodepth_level" : {
        "1" : 100.000000,
        "2" : 0.000000,
        "4" : 0.000000,
        "8" : 0.000000,
        "16" : 0.000000,
        "32" : 0.000000,
        ">=64" : 0.000000
      },
      "iodepth_submit" : {
        "0" : 0.000000,
        "4" : 100.000000,
        "8" : 0.000000,
        "16" : 0.000000,
        "32" : 0.000000,
        "64" : 0.000000,
        ">=64" : 0.000000
      },
      "iodepth_complete" : {
        "0" : 0.000000,
        "4" : 100.000000,
        "8" : 0.000000,
        "16" : 0.000000,
        "32" : 0.000000,
        "64" : 0.000000,
        ">=64" : 0.000000
      },
      "latency_ns" : {
        "2" : 0.000000,
        "4" : 0.000000,
        "10" : 0.000000,
        "20" : 0.000000,
        "50" : 0.000000,
        "100" : 0.000000,
        "250" : 0.000000,
        "500" : 0.000000,
        "750" : 0.000000,
        "1000" : 0.000000
      },
      "latency_us" : {
        "2" : 0.000000,
        "4" : 0.000000,
        "10" : 44.439814,
        "20" : 33.310334,
        "50" : 16.773428,
        "100" : 4.051709,
        "250" : 1.283988,
        "500" : 0.075472,
        "750" : 0.010000,
        "1000" : 0.040551
      },
      "latency_ms" : {
        "2" : 0.017297,
        "4" : 0.000000,
        "10" : 0.000000,
        "20" : 0.000000,
        "50" : 0.000000,
        "100" : 0.000000,
        "250" : 0.000000,
        "500" : 0.000000,
        "750" : 0.000000,
        "1000" : 0.000000,
        "2000" : 0.000000,
        ">=2000" : 0.000000
      },
      "latency_depth" : 64,
      "latency_target" : 0,
      "latency_percentile" : 100.000000,
      "latency_window" : 0
    }
  ],
  "disk_util" : [
    {
      "name" : "nullb1",
      "read_ios" : 6345174,
      "write_ios" : 0,
      "read_sectors" : 812182272,
      "write_sectors" : 0,
      "read_merges" : 0,
      "write_merges" : 0,
      "read_ticks" : 0,
      "write_ticks" : 0,
      "in_queue" : 0,
      "util" : 98.756762
    }
  ]
}
