{
  "fio version" : "fio-3.36",
  "timestamp" : 1748124792,
  "timestamp_ms" : 1748124792905,
  "time" : "Sat May 24 22:13:12 2025",
  "global options" : {
    "filename" : "/dev/nullb1",
    "iodepth" : "64",
    "ioengine" : "psync",
    "direct" : "1",
    "rw" : "read",
    "bs" : "32k",
    "size" : "1G",
    "runtime" : "30",
    "numjobs" : "2"
  },
  "jobs" : [
    {
      "jobname" : "rust_test",
      "groupid" : 0,
      "job_start" : 1748124762886,
      "error" : 0,
      "eta" : 0,
      "elapsed" : 31,
      "job options" : {
        "name" : "rust_test",
        "ioscheduler" : "none"
      },
      "read" : {
        "io_bytes" : 569330991104,
        "io_kbytes" : 555987296,
        "bw_bytes" : 18977067134,
        "bw" : 18532292,
        "iops" : 579134.128862,
        "runtime" : 30001,
        "total_ios" : 17374603,
        "short_ios" : 0,
        "drop_ios" : 0,
        "slat_ns" : {
          "min" : 0,
          "max" : 0,
          "mean" : 0.000000,
          "stddev" : 0.000000,
          "N" : 0
        },
        "clat_ns" : {
          "min" : 2464,
          "max" : 5034286,
          "mean" : 3273.953372,
          "stddev" : 10590.662496,
          "N" : 17374603,
          "percentile" : {
            "1.000000" : 2512,
            "5.000000" : 2544,
            "10.000000" : 2544,
            "20.000000" : 2576,
            "30.000000" : 2576,
            "40.000000" : 2608,
            "50.000000" : 2608,
            "60.000000" : 2704,
            "70.000000" : 3344,
            "80.000000" : 3376,
            "90.000000" : 3440,
            "95.000000" : 3504,
            "99.000000" : 5024,
            "99.500000" : 6624,
            "99.900000" : 119296,
            "99.950000" : 146432,
            "99.990000" : 651264
          }
        },
        "lat_ns" : {
          "min" : 2484,
          "max" : 5034376,
          "mean" : 3295.038939,
          "stddev" : 10639.731389,
          "N" : 17374603
        },
        "bw_min" : 17189615,
        "bw_max" : 19476418,
        "bw_agg" : 100.000000,
        "bw_mean" : 18539610.134615,
        "bw_dev" : 255869.948395,
        "bw_samples" : 104,
        "iops_min" : 537174,
        "iops_max" : 608637,
        "iops_mean" : 579361.884615,
        "iops_stddev" : 7995.884274,
        "iops_samples" : 104
      },
      "write" : {
        "io_bytes" : 0,
        "io_kbytes" : 0,
        "bw_bytes" : 0,
        "bw" : 0,
        "iops" : 0.000000,
        "runtime" : 0,
        "total_ios" : 0,
        "short_ios" : 0,
        "drop_ios" : 0,
        "slat_ns" : {
          "min" : 0,
          "max" : 0,
          "mean" : 0.000000,
          "stddev" : 0.000000,
          "N" : 0
        },
        "clat_ns" : {
          "min" : 0,
          "max" : 0,
          "mean" : 0.000000,
          "stddev" : 0.000000,
          "N" : 0
        },
        "lat_ns" : {
          "min" : 0,
          "max" : 0,
          "mean" : 0.000000,
          "stddev" : 0.000000,
          "N" : 0
        },
        "bw_min" : 0,
        "bw_max" : 0,
        "bw_agg" : 0.000000,
        "bw_mean" : 0.000000,
        "bw_dev" : 0.000000,
        "bw_samples" : 0,
        "iops_min" : 0,
        "iops_max" : 0,
        "iops_mean" : 0.000000,
        "iops_stddev" : 0.000000,
        "iops_samples" : 0
      },
      "trim" : {
        "io_bytes" : 0,
        "io_kbytes" : 0,
        "bw_bytes" : 0,
        "bw" : 0,
        "iops" : 0.000000,
        "runtime" : 0,
        "total_ios" : 0,
        "short_ios" : 0,
        "drop_ios" : 0,
        "slat_ns" : {
          "min" : 0,
          "max" : 0,
          "mean" : 0.000000,
          "stddev" : 0.000000,
          "N" : 0
        },
        "clat_ns" : {
          "min" : 0,
          "max" : 0,
          "mean" : 0.000000,
          "stddev" : 0.000000,
          "N" : 0
        },
        "lat_ns" : {
          "min" : 0,
          "max" : 0,
          "mean" : 0.000000,
          "stddev" : 0.000000,
          "N" : 0
        },
        "bw_min" : 0,
        "bw_max" : 0,
        "bw_agg" : 0.000000,
        "bw_mean" : 0.000000,
        "bw_dev" : 0.000000,
        "bw_samples" : 0,
        "iops_min" : 0,
        "iops_max" : 0,
        "iops_mean" : 0.000000,
        "iops_stddev" : 0.000000,
        "iops_samples" : 0
      },
      "sync" : {
        "total_ios" : 0,
        "lat_ns" : {
          "min" : 0,
          "max" : 0,
          "mean" : 0.000000,
          "stddev" : 0.000000,
          "N" : 0
        }
      },
      "job_runtime" : 60000,
      "usr_cpu" : 10.945000,
      "sys_cpu" : 89.008333,
      "ctx" : 103,
      "majf" : 0,
      "minf" : 36,
      "iodepth_level" : {
        "1" : 100.000000,
        "2" : 0.000000,
        "4" : 0.000000,
        "8" : 0.000000,
        "16" : 0.000000,
        "32" : 0.000000,
        ">=64" : 0.000000
      },
      "iodepth_submit" : {
        "0" : 0.000000,
        "4" : 100.000000,
        "8" : 0.000000,
        "16" : 0.000000,
        "32" : 0.000000,
        "64" : 0.000000,
        ">=64" : 0.000000
      },
      "iodepth_complete" : {
        "0" : 0.000000,
        "4" : 100.000000,
        "8" : 0.000000,
        "16" : 0.000000,
        "32" : 0.000000,
        "64" : 0.000000,
        ">=64" : 0.000000
      },
      "latency_ns" : {
        "2" : 0.000000,
        "4" : 0.000000,
        "10" : 0.000000,
        "20" : 0.000000,
        "50" : 0.000000,
        "100" : 0.000000,
        "250" : 0.000000,
        "500" : 0.000000,
        "750" : 0.000000,
        "1000" : 0.000000
      },
      "latency_us" : {
        "2" : 0.000000,
        "4" : 97.547892,
        "10" : 2.034688,
        "20" : 0.172649,
        "50" : 0.064704,
        "100" : 0.033100,
        "250" : 0.128204,
        "500" : 0.010000,
        "750" : 0.010000,
        "1000" : 0.010000
      },
      "latency_ms" : {
        "2" : 0.010000,
        "4" : 0.010000,
        "10" : 0.010000,
        "20" : 0.000000,
        "50" : 0.000000,
        "100" : 0.000000,
        "250" : 0.000000,
        "500" : 0.000000,
        "750" : 0.000000,
        "1000" : 0.000000,
        "2000" : 0.000000,
        ">=2000" : 0.000000
      },
      "latency_depth" : 64,
      "latency_target" : 0,
      "latency_percentile" : 100.000000,
      "latency_window" : 0
    }
  ],
  "disk_util" : [
    {
      "name" : "nullb1",
      "read_ios" : 17296998,
      "write_ios" : 0,
      "read_sectors" : 1107007872,
      "write_sectors" : 0,
      "read_merges" : 0,
      "write_merges" : 0,
      "read_ticks" : 0,
      "write_ticks" : 0,
      "in_queue" : 0,
      "util" : 53.939374
    }
  ]
}
