{
  "fio version" : "fio-3.36",
  "timestamp" : 1748131156,
  "timestamp_ms" : 1748131156127,
  "time" : "Sat May 24 23:59:16 2025",
  "global options" : {
    "filename" : "/dev/nullb0",
    "iodepth" : "64",
    "ioengine" : "psync",
    "direct" : "1",
    "rw" : "read",
    "bs" : "128k",
    "size" : "1G",
    "runtime" : "30",
    "numjobs" : "3"
  },
  "jobs" : [
    {
      "jobname" : "c_test",
      "groupid" : 0,
      "job_start" : 1748131126109,
      "error" : 0,
      "eta" : 0,
      "elapsed" : 31,
      "job options" : {
        "name" : "c_test",
        "ioscheduler" : "mq-deadline"
      },
      "read" : {
        "io_bytes" : 390869286912,
        "io_kbytes" : 381708288,
        "bw_bytes" : 13028541945,
        "bw" : 12723185,
        "iops" : 99399.886670,
        "runtime" : 30001,
        "total_ios" : 2982096,
        "short_ios" : 0,
        "drop_ios" : 0,
        "slat_ns" : {
          "min" : 0,
          "max" : 0,
          "mean" : 0.000000,
          "stddev" : 0.000000,
          "N" : 0
        },
        "clat_ns" : {
          "min" : 8666,
          "max" : 4123177,
          "mean" : 29913.206656,
          "stddev" : 37884.005551,
          "N" : 2982096,
          "percentile" : {
            "1.000000" : 11712,
            "5.000000" : 13504,
            "10.000000" : 15168,
            "20.000000" : 17280,
            "30.000000" : 19072,
            "40.000000" : 20352,
            "50.000000" : 22912,
            "60.000000" : 25472,
            "70.000000" : 27008,
            "80.000000" : 30592,
            "90.000000" : 36608,
            "95.000000" : 75264,
            "99.000000" : 173056,
            "99.500000" : 211968,
            "99.900000" : 593920,
            "99.950000" : 749568,
            "99.990000" : 970752
          }
        },
        "lat_ns" : {
          "min" : 8686,
          "max" : 4123287,
          "mean" : 29943.560010,
          "stddev" : 37897.563152,
          "N" : 2982096
        },
        "bw_min" : 11906604,
        "bw_max" : 15032064,
        "bw_agg" : 100.000000,
        "bw_mean" : 12742471.762712,
        "bw_dev" : 202827.929724,
        "bw_samples" : 177,
        "iops_min" : 93020,
        "iops_max" : 117438,
        "iops_mean" : 99549.864407,
        "iops_stddev" : 1584.614979,
        "iops_samples" : 177
      },
      "write" : {
        "io_bytes" : 0,
        "io_kbytes" : 0,
        "bw_bytes" : 0,
        "bw" : 0,
        "iops" : 0.000000,
        "runtime" : 0,
        "total_ios" : 0,
        "short_ios" : 0,
        "drop_ios" : 0,
        "slat_ns" : {
          "min" : 0,
          "max" : 0,
          "mean" : 0.000000,
          "stddev" : 0.000000,
          "N" : 0
        },
        "clat_ns" : {
          "min" : 0,
          "max" : 0,
          "mean" : 0.000000,
          "stddev" : 0.000000,
          "N" : 0
        },
        "lat_ns" : {
          "min" : 0,
          "max" : 0,
          "mean" : 0.000000,
          "stddev" : 0.000000,
          "N" : 0
        },
        "bw_min" : 0,
        "bw_max" : 0,
        "bw_agg" : 0.000000,
        "bw_mean" : 0.000000,
        "bw_dev" : 0.000000,
        "bw_samples" : 0,
        "iops_min" : 0,
        "iops_max" : 0,
        "iops_mean" : 0.000000,
        "iops_stddev" : 0.000000,
        "iops_samples" : 0
      },
      "trim" : {
        "io_bytes" : 0,
        "io_kbytes" : 0,
        "bw_bytes" : 0,
        "bw" : 0,
        "iops" : 0.000000,
        "runtime" : 0,
        "total_ios" : 0,
        "short_ios" : 0,
        "drop_ios" : 0,
        "slat_ns" : {
          "min" : 0,
          "max" : 0,
          "mean" : 0.000000,
          "stddev" : 0.000000,
          "N" : 0
        },
        "clat_ns" : {
          "min" : 0,
          "max" : 0,
          "mean" : 0.000000,
          "stddev" : 0.000000,
          "N" : 0
        },
        "lat_ns" : {
          "min" : 0,
          "max" : 0,
          "mean" : 0.000000,
          "stddev" : 0.000000,
          "N" : 0
        },
        "bw_min" : 0,
        "bw_max" : 0,
        "bw_agg" : 0.000000,
        "bw_mean" : 0.000000,
        "bw_dev" : 0.000000,
        "bw_samples" : 0,
        "iops_min" : 0,
        "iops_max" : 0,
        "iops_mean" : 0.000000,
        "iops_stddev" : 0.000000,
        "iops_samples" : 0
      },
      "sync" : {
        "total_ios" : 0,
        "lat_ns" : {
          "min" : 0,
          "max" : 0,
          "mean" : 0.000000,
          "stddev" : 0.000000,
          "N" : 0
        }
      },
      "job_runtime" : 90000,
      "usr_cpu" : 1.613333,
      "sys_cpu" : 91.045556,
      "ctx" : 91356,
      "majf" : 0,
      "minf" : 121,
      "iodepth_level" : {
        "1" : 100.000000,
        "2" : 0.000000,
        "4" : 0.000000,
        "8" : 0.000000,
        "16" : 0.000000,
        "32" : 0.000000,
        ">=64" : 0.000000
      },
      "iodepth_submit" : {
        "0" : 0.000000,
        "4" : 100.000000,
        "8" : 0.000000,
        "16" : 0.000000,
        "32" : 0.000000,
        "64" : 0.000000,
        ">=64" : 0.000000
      },
      "iodepth_complete" : {
        "0" : 0.000000,
        "4" : 100.000000,
        "8" : 0.000000,
        "16" : 0.000000,
        "32" : 0.000000,
        "64" : 0.000000,
        ">=64" : 0.000000
      },
      "latency_ns" : {
        "2" : 0.000000,
        "4" : 0.000000,
        "10" : 0.000000,
        "20" : 0.000000,
        "50" : 0.000000,
        "100" : 0.000000,
        "250" : 0.000000,
        "500" : 0.000000,
        "750" : 0.000000,
        "1000" : 0.000000
      },
      "latency_us" : {
        "2" : 0.000000,
        "4" : 0.000000,
        "10" : 0.222897,
        "20" : 37.978791,
        "50" : 55.931902,
        "100" : 2.317263,
        "250" : 3.229742,
        "500" : 0.202006,
        "750" : 0.067771,
        "1000" : 0.042084
      },
      "latency_ms" : {
        "2" : 0.010000,
        "4" : 0.010000,
        "10" : 0.010000,
        "20" : 0.000000,
        "50" : 0.000000,
        "100" : 0.000000,
        "250" : 0.000000,
        "500" : 0.000000,
        "750" : 0.000000,
        "1000" : 0.000000,
        "2000" : 0.000000,
        ">=2000" : 0.000000
      },
      "latency_depth" : 64,
      "latency_target" : 0,
      "latency_percentile" : 100.000000,
      "latency_window" : 0
    }
  ],
  "disk_util" : [
    {
      "name" : "nullb0",
      "read_ios" : 5943332,
      "write_ios" : 0,
      "read_sectors" : 760746736,
      "write_sectors" : 0,
      "read_merges" : 0,
      "write_merges" : 0,
      "read_ticks" : 515396074271,
      "write_ticks" : 0,
      "in_queue" : 515396074271,
      "util" : 95.133836
    }
  ]
}
