{
  "fio version" : "fio-3.36",
  "timestamp" : 1748130002,
  "timestamp_ms" : 1748130002237,
  "time" : "Sat May 24 23:40:02 2025",
  "global options" : {
    "filename" : "/dev/nullb0",
    "iodepth" : "64",
    "ioengine" : "psync",
    "direct" : "1",
    "rw" : "read",
    "bs" : "4k",
    "size" : "1G",
    "runtime" : "30",
    "numjobs" : "4"
  },
  "jobs" : [
    {
      "jobname" : "c_test",
      "groupid" : 0,
      "job_start" : 1748129972219,
      "error" : 0,
      "eta" : 0,
      "elapsed" : 31,
      "job options" : {
        "name" : "c_test",
        "ioscheduler" : "mq-deadline"
      },
      "read" : {
        "io_bytes" : 60715384832,
        "io_kbytes" : 59292368,
        "bw_bytes" : 2023778701,
        "bw" : 1976346,
        "iops" : 494086.597113,
        "runtime" : 30001,
        "total_ios" : 14823092,
        "short_ios" : 0,
        "drop_ios" : 0,
        "slat_ns" : {
          "min" : 0,
          "max" : 0,
          "mean" : 0.000000,
          "stddev" : 0.000000,
          "N" : 0
        },
        "clat_ns" : {
          "min" : 1723,
          "max" : 13465296,
          "mean" : 7756.548593,
          "stddev" : 31068.306961,
          "N" : 14823092,
          "percentile" : {
            "1.000000" : 1928,
            "5.000000" : 1992,
            "10.000000" : 2096,
            "20.000000" : 2352,
            "30.000000" : 2544,
            "40.000000" : 2672,
            "50.000000" : 2832,
            "60.000000" : 3024,
            "70.000000" : 3344,
            "80.000000" : 4384,
            "90.000000" : 6304,
            "95.000000" : 9920,
            "99.000000" : 108032,
            "99.500000" : 173056,
            "99.900000" : 309248,
            "99.950000" : 497664,
            "99.990000" : 1105920
          }
        },
        "lat_ns" : {
          "min" : 1763,
          "max" : 13465436,
          "mean" : 7800.009713,
          "stddev" : 31110.699655,
          "N" : 14823092
        },
        "bw_min" : 1656528,
        "bw_max" : 2191160,
        "bw_agg" : 99.991429,
        "bw_mean" : 1976177.016949,
        "bw_dev" : 32079.206690,
        "bw_samples" : 236,
        "iops_min" : 414132,
        "iops_max" : 547790,
        "iops_mean" : 494043.915254,
        "iops_stddev" : 8019.828678,
        "iops_samples" : 236
      },
      "write" : {
        "io_bytes" : 0,
        "io_kbytes" : 0,
        "bw_bytes" : 0,
        "bw" : 0,
        "iops" : 0.000000,
        "runtime" : 0,
        "total_ios" : 0,
        "short_ios" : 0,
        "drop_ios" : 0,
        "slat_ns" : {
          "min" : 0,
          "max" : 0,
          "mean" : 0.000000,
          "stddev" : 0.000000,
          "N" : 0
        },
        "clat_ns" : {
          "min" : 0,
          "max" : 0,
          "mean" : 0.000000,
          "stddev" : 0.000000,
          "N" : 0
        },
        "lat_ns" : {
          "min" : 0,
          "max" : 0,
          "mean" : 0.000000,
          "stddev" : 0.000000,
          "N" : 0
        },
        "bw_min" : 0,
        "bw_max" : 0,
        "bw_agg" : 0.000000,
        "bw_mean" : 0.000000,
        "bw_dev" : 0.000000,
        "bw_samples" : 0,
        "iops_min" : 0,
        "iops_max" : 0,
        "iops_mean" : 0.000000,
        "iops_stddev" : 0.000000,
        "iops_samples" : 0
      },
      "trim" : {
        "io_bytes" : 0,
        "io_kbytes" : 0,
        "bw_bytes" : 0,
        "bw" : 0,
        "iops" : 0.000000,
        "runtime" : 0,
        "total_ios" : 0,
        "short_ios" : 0,
        "drop_ios" : 0,
        "slat_ns" : {
          "min" : 0,
          "max" : 0,
          "mean" : 0.000000,
          "stddev" : 0.000000,
          "N" : 0
        },
        "clat_ns" : {
          "min" : 0,
          "max" : 0,
          "mean" : 0.000000,
          "stddev" : 0.000000,
          "N" : 0
        },
        "lat_ns" : {
          "min" : 0,
          "max" : 0,
          "mean" : 0.000000,
          "stddev" : 0.000000,
          "N" : 0
        },
        "bw_min" : 0,
        "bw_max" : 0,
        "bw_agg" : 0.000000,
        "bw_mean" : 0.000000,
        "bw_dev" : 0.000000,
        "bw_samples" : 0,
        "iops_min" : 0,
        "iops_max" : 0,
        "iops_mean" : 0.000000,
        "iops_stddev" : 0.000000,
        "iops_samples" : 0
      },
      "sync" : {
        "total_ios" : 0,
        "lat_ns" : {
          "min" : 0,
          "max" : 0,
          "mean" : 0.000000,
          "stddev" : 0.000000,
          "N" : 0
        }
      },
      "job_runtime" : 120000,
      "usr_cpu" : 7.390833,
      "sys_cpu" : 53.334167,
      "ctx" : 995441,
      "majf" : 0,
      "minf" : 44,
      "iodepth_level" : {
        "1" : 100.000000,
        "2" : 0.000000,
        "4" : 0.000000,
        "8" : 0.000000,
        "16" : 0.000000,
        "32" : 0.000000,
        ">=64" : 0.000000
      },
      "iodepth_submit" : {
        "0" : 0.000000,
        "4" : 100.000000,
        "8" : 0.000000,
        "16" : 0.000000,
        "32" : 0.000000,
        "64" : 0.000000,
        ">=64" : 0.000000
      },
      "iodepth_complete" : {
        "0" : 0.000000,
        "4" : 100.000000,
        "8" : 0.000000,
        "16" : 0.000000,
        "32" : 0.000000,
        "64" : 0.000000,
        ">=64" : 0.000000
      },
      "latency_ns" : {
        "2" : 0.000000,
        "4" : 0.000000,
        "10" : 0.000000,
        "20" : 0.000000,
        "50" : 0.000000,
        "100" : 0.000000,
        "250" : 0.000000,
        "500" : 0.000000,
        "750" : 0.000000,
        "1000" : 0.000000
      },
      "latency_us" : {
        "2" : 5.118770,
        "4" : 72.665959,
        "10" : 17.267302,
        "20" : 0.567601,
        "50" : 0.336198,
        "100" : 2.816329,
        "250" : 1.062767,
        "500" : 0.115334,
        "750" : 0.021028,
        "1000" : 0.015260
      },
      "latency_ms" : {
        "2" : 0.012838,
        "4" : 0.010000,
        "10" : 0.010000,
        "20" : 0.010000,
        "50" : 0.000000,
        "100" : 0.000000,
        "250" : 0.000000,
        "500" : 0.000000,
        "750" : 0.000000,
        "1000" : 0.000000,
        "2000" : 0.000000,
        ">=2000" : 0.000000
      },
      "latency_depth" : 64,
      "latency_target" : 0,
      "latency_percentile" : 100.000000,
      "latency_window" : 0
    }
  ],
  "disk_util" : [
    {
      "name" : "nullb0",
      "read_ios" : 14754364,
      "write_ios" : 0,
      "read_sectors" : 118106792,
      "write_sectors" : 0,
      "read_merges" : 8985,
      "write_merges" : 0,
      "read_ticks" : 515396074651,
      "write_ticks" : 0,
      "in_queue" : 515396074651,
      "util" : 61.984575
    }
  ]
}
