{
  "fio version" : "fio-3.36",
  "timestamp" : 1748130487,
  "timestamp_ms" : 1748130487962,
  "time" : "Sat May 24 23:48:07 2025",
  "global options" : {
    "filename" : "/dev/nullb0",
    "iodepth" : "64",
    "ioengine" : "psync",
    "direct" : "1",
    "rw" : "read",
    "bs" : "16k",
    "size" : "1G",
    "runtime" : "30",
    "numjobs" : "4"
  },
  "jobs" : [
    {
      "jobname" : "c_test",
      "groupid" : 0,
      "job_start" : 1748130457935,
      "error" : 0,
      "eta" : 0,
      "elapsed" : 31,
      "job options" : {
        "name" : "c_test",
        "ioscheduler" : "mq-deadline"
      },
      "read" : {
        "io_bytes" : 186618134528,
        "io_kbytes" : 182244272,
        "bw_bytes" : 6220397137,
        "bw" : 6074606,
        "iops" : 379662.911236,
        "runtime" : 30001,
        "total_ios" : 11390267,
        "short_ios" : 0,
        "drop_ios" : 0,
        "slat_ns" : {
          "min" : 0,
          "max" : 0,
          "mean" : 0.000000,
          "stddev" : 0.000000,
          "N" : 0
        },
        "clat_ns" : {
          "min" : 2424,
          "max" : 3162825,
          "mean" : 10167.744566,
          "stddev" : 36942.083248,
          "N" : 11390267,
          "percentile" : {
            "1.000000" : 2672,
            "5.000000" : 2736,
            "10.000000" : 3024,
            "20.000000" : 3408,
            "30.000000" : 3568,
            "40.000000" : 3728,
            "50.000000" : 3888,
            "60.000000" : 4128,
            "70.000000" : 4512,
            "80.000000" : 5728,
            "90.000000" : 7968,
            "95.000000" : 23168,
            "99.000000" : 164864,
            "99.500000" : 220160,
            "99.900000" : 399360,
            "99.950000" : 692224,
            "99.990000" : 1187840
          }
        },
        "lat_ns" : {
          "min" : 2444,
          "max" : 3162855,
          "mean" : 10213.842046,
          "stddev" : 36988.700567,
          "N" : 11390267
        },
        "bw_min" : 5587648,
        "bw_max" : 6360607,
        "bw_agg" : 100.000000,
        "bw_mean" : 6079834.457627,
        "bw_dev" : 39515.385382,
        "bw_samples" : 236,
        "iops_min" : 349228,
        "iops_max" : 397537,
        "iops_mean" : 379989.220339,
        "iops_stddev" : 2469.695378,
        "iops_samples" : 236
      },
      "write" : {
        "io_bytes" : 0,
        "io_kbytes" : 0,
        "bw_bytes" : 0,
        "bw" : 0,
        "iops" : 0.000000,
        "runtime" : 0,
        "total_ios" : 0,
        "short_ios" : 0,
        "drop_ios" : 0,
        "slat_ns" : {
          "min" : 0,
          "max" : 0,
          "mean" : 0.000000,
          "stddev" : 0.000000,
          "N" : 0
        },
        "clat_ns" : {
          "min" : 0,
          "max" : 0,
          "mean" : 0.000000,
          "stddev" : 0.000000,
          "N" : 0
        },
        "lat_ns" : {
          "min" : 0,
          "max" : 0,
          "mean" : 0.000000,
          "stddev" : 0.000000,
          "N" : 0
        },
        "bw_min" : 0,
        "bw_max" : 0,
        "bw_agg" : 0.000000,
        "bw_mean" : 0.000000,
        "bw_dev" : 0.000000,
        "bw_samples" : 0,
        "iops_min" : 0,
        "iops_max" : 0,
        "iops_mean" : 0.000000,
        "iops_stddev" : 0.000000,
        "iops_samples" : 0
      },
      "trim" : {
        "io_bytes" : 0,
        "io_kbytes" : 0,
        "bw_bytes" : 0,
        "bw" : 0,
        "iops" : 0.000000,
        "runtime" : 0,
        "total_ios" : 0,
        "short_ios" : 0,
        "drop_ios" : 0,
        "slat_ns" : {
          "min" : 0,
          "max" : 0,
          "mean" : 0.000000,
          "stddev" : 0.000000,
          "N" : 0
        },
        "clat_ns" : {
          "min" : 0,
          "max" : 0,
          "mean" : 0.000000,
          "stddev" : 0.000000,
          "N" : 0
        },
        "lat_ns" : {
          "min" : 0,
          "max" : 0,
          "mean" : 0.000000,
          "stddev" : 0.000000,
          "N" : 0
        },
        "bw_min" : 0,
        "bw_max" : 0,
        "bw_agg" : 0.000000,
        "bw_mean" : 0.000000,
        "bw_dev" : 0.000000,
        "bw_samples" : 0,
        "iops_min" : 0,
        "iops_max" : 0,
        "iops_mean" : 0.000000,
        "iops_stddev" : 0.000000,
        "iops_samples" : 0
      },
      "sync" : {
        "total_ios" : 0,
        "lat_ns" : {
          "min" : 0,
          "max" : 0,
          "mean" : 0.000000,
          "stddev" : 0.000000,
          "N" : 0
        }
      },
      "job_runtime" : 120000,
      "usr_cpu" : 6.497500,
      "sys_cpu" : 59.639167,
      "ctx" : 715189,
      "majf" : 0,
      "minf" : 53,
      "iodepth_level" : {
        "1" : 100.000000,
        "2" : 0.000000,
        "4" : 0.000000,
        "8" : 0.000000,
        "16" : 0.000000,
        "32" : 0.000000,
        ">=64" : 0.000000
      },
      "iodepth_submit" : {
        "0" : 0.000000,
        "4" : 100.000000,
        "8" : 0.000000,
        "16" : 0.000000,
        "32" : 0.000000,
        "64" : 0.000000,
        ">=64" : 0.000000
      },
      "iodepth_complete" : {
        "0" : 0.000000,
        "4" : 100.000000,
        "8" : 0.000000,
        "16" : 0.000000,
        "32" : 0.000000,
        "64" : 0.000000,
        ">=64" : 0.000000
      },
      "latency_ns" : {
        "2" : 0.000000,
        "4" : 0.000000,
        "10" : 0.000000,
        "20" : 0.000000,
        "50" : 0.000000,
        "100" : 0.000000,
        "250" : 0.000000,
        "500" : 0.000000,
        "750" : 0.000000,
        "1000" : 0.000000
      },
      "latency_us" : {
        "2" : 0.000000,
        "4" : 55.726639,
        "10" : 37.563790,
        "20" : 1.648987,
        "50" : 0.637509,
        "100" : 2.606383,
        "250" : 1.518691,
        "500" : 0.222532,
        "750" : 0.032212,
        "1000" : 0.024556
      },
      "latency_ms" : {
        "2" : 0.018288,
        "4" : 0.010000,
        "10" : 0.000000,
        "20" : 0.000000,
        "50" : 0.000000,
        "100" : 0.000000,
        "250" : 0.000000,
        "500" : 0.000000,
        "750" : 0.000000,
        "1000" : 0.000000,
        "2000" : 0.000000,
        ">=2000" : 0.000000
      },
      "latency_depth" : 64,
      "latency_target" : 0,
      "latency_percentile" : 100.000000,
      "latency_window" : 0
    }
  ],
  "disk_util" : [
    {
      "name" : "nullb0",
      "read_ios" : 11335127,
      "write_ios" : 0,
      "read_sectors" : 362877856,
      "write_sectors" : 0,
      "read_merges" : 4806,
      "write_merges" : 0,
      "read_ticks" : 515396074701,
      "write_ticks" : 0,
      "in_queue" : 515396074701,
      "util" : 72.816215
    }
  ]
}
