{
  "fio version" : "fio-3.36",
  "timestamp" : 1748130670,
  "timestamp_ms" : 1748130670036,
  "time" : "Sat May 24 23:51:10 2025",
  "global options" : {
    "filename" : "/dev/nullb0",
    "iodepth" : "64",
    "ioengine" : "psync",
    "direct" : "1",
    "rw" : "read",
    "bs" : "32k",
    "size" : "1G",
    "runtime" : "30",
    "numjobs" : "3"
  },
  "jobs" : [
    {
      "jobname" : "c_test",
      "groupid" : 0,
      "job_start" : 1748130640018,
      "error" : 0,
      "eta" : 0,
      "elapsed" : 31,
      "job options" : {
        "name" : "c_test",
        "ioscheduler" : "mq-deadline"
      },
      "read" : {
        "io_bytes" : 253625368576,
        "io_kbytes" : 247681024,
        "bw_bytes" : 8453897155,
        "bw" : 8255758,
        "iops" : 257992.466918,
        "runtime" : 30001,
        "total_ios" : 7740032,
        "short_ios" : 0,
        "drop_ios" : 0,
        "slat_ns" : {
          "min" : 0,
          "max" : 0,
          "mean" : 0.000000,
          "stddev" : 0.000000,
          "N" : 0
        },
        "clat_ns" : {
          "min" : 3386,
          "max" : 7233358,
          "mean" : 11284.713104,
          "stddev" : 34797.253554,
          "N" : 7740032,
          "percentile" : {
            "1.000000" : 3536,
            "5.000000" : 4048,
            "10.000000" : 4320,
            "20.000000" : 4704,
            "30.000000" : 5024,
            "40.000000" : 5280,
            "50.000000" : 5536,
            "60.000000" : 5856,
            "70.000000" : 6240,
            "80.000000" : 7008,
            "90.000000" : 9024,
            "95.000000" : 14656,
            "99.000000" : 175104,
            "99.500000" : 224256,
            "99.900000" : 362496,
            "99.950000" : 634880,
            "99.990000" : 1019904
          }
        },
        "lat_ns" : {
          "min" : 3406,
          "max" : 7233488,
          "mean" : 11326.980828,
          "stddev" : 34821.866868,
          "N" : 7740032
        },
        "bw_min" : 7079600,
        "bw_max" : 9613795,
        "bw_agg" : 100.000000,
        "bw_mean" : 8267898.152542,
        "bw_dev" : 189189.884873,
        "bw_samples" : 177,
        "iops_min" : 221236,
        "iops_max" : 300430,
        "iops_mean" : 258371.338983,
        "iops_stddev" : 5912.240644,
        "iops_samples" : 177
      },
      "write" : {
        "io_bytes" : 0,
        "io_kbytes" : 0,
        "bw_bytes" : 0,
        "bw" : 0,
        "iops" : 0.000000,
        "runtime" : 0,
        "total_ios" : 0,
        "short_ios" : 0,
        "drop_ios" : 0,
        "slat_ns" : {
          "min" : 0,
          "max" : 0,
          "mean" : 0.000000,
          "stddev" : 0.000000,
          "N" : 0
        },
        "clat_ns" : {
          "min" : 0,
          "max" : 0,
          "mean" : 0.000000,
          "stddev" : 0.000000,
          "N" : 0
        },
        "lat_ns" : {
          "min" : 0,
          "max" : 0,
          "mean" : 0.000000,
          "stddev" : 0.000000,
          "N" : 0
        },
        "bw_min" : 0,
        "bw_max" : 0,
        "bw_agg" : 0.000000,
        "bw_mean" : 0.000000,
        "bw_dev" : 0.000000,
        "bw_samples" : 0,
        "iops_min" : 0,
        "iops_max" : 0,
        "iops_mean" : 0.000000,
        "iops_stddev" : 0.000000,
        "iops_samples" : 0
      },
      "trim" : {
        "io_bytes" : 0,
        "io_kbytes" : 0,
        "bw_bytes" : 0,
        "bw" : 0,
        "iops" : 0.000000,
        "runtime" : 0,
        "total_ios" : 0,
        "short_ios" : 0,
        "drop_ios" : 0,
        "slat_ns" : {
          "min" : 0,
          "max" : 0,
          "mean" : 0.000000,
          "stddev" : 0.000000,
          "N" : 0
        },
        "clat_ns" : {
          "min" : 0,
          "max" : 0,
          "mean" : 0.000000,
          "stddev" : 0.000000,
          "N" : 0
        },
        "lat_ns" : {
          "min" : 0,
          "max" : 0,
          "mean" : 0.000000,
          "stddev" : 0.000000,
          "N" : 0
        },
        "bw_min" : 0,
        "bw_max" : 0,
        "bw_agg" : 0.000000,
        "bw_mean" : 0.000000,
        "bw_dev" : 0.000000,
        "bw_samples" : 0,
        "iops_min" : 0,
        "iops_max" : 0,
        "iops_mean" : 0.000000,
        "iops_stddev" : 0.000000,
        "iops_samples" : 0
      },
      "sync" : {
        "total_ios" : 0,
        "lat_ns" : {
          "min" : 0,
          "max" : 0,
          "mean" : 0.000000,
          "stddev" : 0.000000,
          "N" : 0
        }
      },
      "job_runtime" : 90000,
      "usr_cpu" : 5.037778,
      "sys_cpu" : 70.868889,
      "ctx" : 286134,
      "majf" : 0,
      "minf" : 55,
      "iodepth_level" : {
        "1" : 100.000000,
        "2" : 0.000000,
        "4" : 0.000000,
        "8" : 0.000000,
        "16" : 0.000000,
        "32" : 0.000000,
        ">=64" : 0.000000
      },
      "iodepth_submit" : {
        "0" : 0.000000,
        "4" : 100.000000,
        "8" : 0.000000,
        "16" : 0.000000,
        "32" : 0.000000,
        "64" : 0.000000,
        ">=64" : 0.000000
      },
      "iodepth_complete" : {
        "0" : 0.000000,
        "4" : 100.000000,
        "8" : 0.000000,
        "16" : 0.000000,
        "32" : 0.000000,
        "64" : 0.000000,
        ">=64" : 0.000000
      },
      "latency_ns" : {
        "2" : 0.000000,
        "4" : 0.000000,
        "10" : 0.000000,
        "20" : 0.000000,
        "50" : 0.000000,
        "100" : 0.000000,
        "250" : 0.000000,
        "500" : 0.000000,
        "750" : 0.000000,
        "1000" : 0.000000
      },
      "latency_us" : {
        "2" : 0.000000,
        "4" : 4.596002,
        "10" : 87.454135,
        "20" : 3.260956,
        "50" : 0.683860,
        "100" : 2.104294,
        "250" : 1.595898,
        "500" : 0.240490,
        "750" : 0.030866,
        "1000" : 0.022623
      },
      "latency_ms" : {
        "2" : 0.010633,
        "4" : 0.010000,
        "10" : 0.010000,
        "20" : 0.000000,
        "50" : 0.000000,
        "100" : 0.000000,
        "250" : 0.000000,
        "500" : 0.000000,
        "750" : 0.000000,
        "1000" : 0.000000,
        "2000" : 0.000000,
        ">=2000" : 0.000000
      },
      "latency_depth" : 64,
      "latency_target" : 0,
      "latency_percentile" : 100.000000,
      "latency_window" : 0
    }
  ],
  "disk_util" : [
    {
      "name" : "nullb0",
      "read_ios" : 7702488,
      "write_ios" : 0,
      "read_sectors" : 493014016,
      "write_sectors" : 0,
      "read_merges" : 855,
      "write_merges" : 0,
      "read_ticks" : 515396074833,
      "write_ticks" : 0,
      "in_queue" : 515396074833,
      "util" : 74.996661
    }
  ]
}
