{
  "fio version" : "fio-3.36",
  "timestamp" : 1748130123,
  "timestamp_ms" : 1748130123708,
  "time" : "Sat May 24 23:42:03 2025",
  "global options" : {
    "filename" : "/dev/nullb0",
    "iodepth" : "64",
    "ioengine" : "psync",
    "direct" : "1",
    "rw" : "read",
    "bs" : "8k",
    "size" : "1G",
    "runtime" : "30",
    "numjobs" : "2"
  },
  "jobs" : [
    {
      "jobname" : "c_test",
      "groupid" : 0,
      "job_start" : 1748130093692,
      "error" : 0,
      "eta" : 0,
      "elapsed" : 31,
      "job options" : {
        "name" : "c_test",
        "ioscheduler" : "mq-deadline"
      },
      "read" : {
        "io_bytes" : 89919397888,
        "io_kbytes" : 87811912,
        "bw_bytes" : 2997213355,
        "bw" : 2926966,
        "iops" : 365870.770974,
        "runtime" : 30001,
        "total_ios" : 10976489,
        "short_ios" : 0,
        "drop_ios" : 0,
        "slat_ns" : {
          "min" : 0,
          "max" : 0,
          "mean" : 0.000000,
          "stddev" : 0.000000,
          "N" : 0
        },
        "clat_ns" : {
          "min" : 1914,
          "max" : 5925136,
          "mean" : 5203.439203,
          "stddev" : 19707.497668,
          "N" : 10976489,
          "percentile" : {
            "1.000000" : 2256,
            "5.000000" : 2416,
            "10.000000" : 2480,
            "20.000000" : 2544,
            "30.000000" : 2640,
            "40.000000" : 2800,
            "50.000000" : 2928,
            "60.000000" : 3056,
            "70.000000" : 3216,
            "80.000000" : 3472,
            "90.000000" : 4576,
            "95.000000" : 6304,
            "99.000000" : 75264,
            "99.500000" : 126464,
            "99.900000" : 242688,
            "99.950000" : 292864,
            "99.990000" : 749568
          }
        },
        "lat_ns" : {
          "min" : 1934,
          "max" : 5925166,
          "mean" : 5237.960412,
          "stddev" : 19738.780231,
          "N" : 10976489
        },
        "bw_min" : 2629952,
        "bw_max" : 3492838,
        "bw_agg" : 100.000000,
        "bw_mean" : 2932582.203390,
        "bw_dev" : 114456.978654,
        "bw_samples" : 118,
        "iops_min" : 328744,
        "iops_max" : 436604,
        "iops_mean" : 366572.576271,
        "iops_stddev" : 14307.049151,
        "iops_samples" : 118
      },
      "write" : {
        "io_bytes" : 0,
        "io_kbytes" : 0,
        "bw_bytes" : 0,
        "bw" : 0,
        "iops" : 0.000000,
        "runtime" : 0,
        "total_ios" : 0,
        "short_ios" : 0,
        "drop_ios" : 0,
        "slat_ns" : {
          "min" : 0,
          "max" : 0,
          "mean" : 0.000000,
          "stddev" : 0.000000,
          "N" : 0
        },
        "clat_ns" : {
          "min" : 0,
          "max" : 0,
          "mean" : 0.000000,
          "stddev" : 0.000000,
          "N" : 0
        },
        "lat_ns" : {
          "min" : 0,
          "max" : 0,
          "mean" : 0.000000,
          "stddev" : 0.000000,
          "N" : 0
        },
        "bw_min" : 0,
        "bw_max" : 0,
        "bw_agg" : 0.000000,
        "bw_mean" : 0.000000,
        "bw_dev" : 0.000000,
        "bw_samples" : 0,
        "iops_min" : 0,
        "iops_max" : 0,
        "iops_mean" : 0.000000,
        "iops_stddev" : 0.000000,
        "iops_samples" : 0
      },
      "trim" : {
        "io_bytes" : 0,
        "io_kbytes" : 0,
        "bw_bytes" : 0,
        "bw" : 0,
        "iops" : 0.000000,
        "runtime" : 0,
        "total_ios" : 0,
        "short_ios" : 0,
        "drop_ios" : 0,
        "slat_ns" : {
          "min" : 0,
          "max" : 0,
          "mean" : 0.000000,
          "stddev" : 0.000000,
          "N" : 0
        },
        "clat_ns" : {
          "min" : 0,
          "max" : 0,
          "mean" : 0.000000,
          "stddev" : 0.000000,
          "N" : 0
        },
        "lat_ns" : {
          "min" : 0,
          "max" : 0,
          "mean" : 0.000000,
          "stddev" : 0.000000,
          "N" : 0
        },
        "bw_min" : 0,
        "bw_max" : 0,
        "bw_agg" : 0.000000,
        "bw_mean" : 0.000000,
        "bw_dev" : 0.000000,
        "bw_samples" : 0,
        "iops_min" : 0,
        "iops_max" : 0,
        "iops_mean" : 0.000000,
        "iops_stddev" : 0.000000,
        "iops_samples" : 0
      },
      "sync" : {
        "total_ios" : 0,
        "lat_ns" : {
          "min" : 0,
          "max" : 0,
          "mean" : 0.000000,
          "stddev" : 0.000000,
          "N" : 0
        }
      },
      "job_runtime" : 60000,
      "usr_cpu" : 9.005000,
      "sys_cpu" : 71.290000,
      "ctx" : 334389,
      "majf" : 0,
      "minf" : 22,
      "iodepth_level" : {
        "1" : 100.000000,
        "2" : 0.000000,
        "4" : 0.000000,
        "8" : 0.000000,
        "16" : 0.000000,
        "32" : 0.000000,
        ">=64" : 0.000000
      },
      "iodepth_submit" : {
        "0" : 0.000000,
        "4" : 100.000000,
        "8" : 0.000000,
        "16" : 0.000000,
        "32" : 0.000000,
        "64" : 0.000000,
        ">=64" : 0.000000
      },
      "iodepth_complete" : {
        "0" : 0.000000,
        "4" : 100.000000,
        "8" : 0.000000,
        "16" : 0.000000,
        "32" : 0.000000,
        "64" : 0.000000,
        ">=64" : 0.000000
      },
      "latency_ns" : {
        "2" : 0.000000,
        "4" : 0.000000,
        "10" : 0.000000,
        "20" : 0.000000,
        "50" : 0.000000,
        "100" : 0.000000,
        "250" : 0.000000,
        "500" : 0.000000,
        "750" : 0.000000,
        "1000" : 0.000000
      },
      "latency_us" : {
        "2" : 0.010000,
        "4" : 87.959356,
        "10" : 9.858726,
        "20" : 0.301882,
        "50" : 0.282613,
        "100" : 0.952891,
        "250" : 0.555724,
        "500" : 0.067663,
        "750" : 0.010942,
        "1000" : 0.010000
      },
      "latency_ms" : {
        "2" : 0.010000,
        "4" : 0.010000,
        "10" : 0.010000,
        "20" : 0.000000,
        "50" : 0.000000,
        "100" : 0.000000,
        "250" : 0.000000,
        "500" : 0.000000,
        "750" : 0.000000,
        "1000" : 0.000000,
        "2000" : 0.000000,
        ">=2000" : 0.000000
      },
      "latency_depth" : 64,
      "latency_target" : 0,
      "latency_percentile" : 100.000000,
      "latency_window" : 0
    }
  ],
  "disk_util" : [
    {
      "name" : "nullb0",
      "read_ios" : 10924784,
      "write_ios" : 0,
      "read_sectors" : 174816080,
      "write_sectors" : 0,
      "read_merges" : 1221,
      "write_merges" : 0,
      "read_ticks" : 446676598627,
      "write_ticks" : 0,
      "in_queue" : 446676598627,
      "util" : 48.983272
    }
  ]
}
