{
  "fio version" : "fio-3.36",
  "timestamp" : 1748130245,
  "timestamp_ms" : 1748130245120,
  "time" : "Sat May 24 23:44:05 2025",
  "global options" : {
    "filename" : "/dev/nullb0",
    "iodepth" : "64",
    "ioengine" : "psync",
    "direct" : "1",
    "rw" : "read",
    "bs" : "8k",
    "size" : "1G",
    "runtime" : "30",
    "numjobs" : "4"
  },
  "jobs" : [
    {
      "jobname" : "c_test",
      "groupid" : 0,
      "job_start" : 1748130215102,
      "error" : 0,
      "eta" : 0,
      "elapsed" : 31,
      "job options" : {
        "name" : "c_test",
        "ioscheduler" : "mq-deadline"
      },
      "read" : {
        "io_bytes" : 103734419456,
        "io_kbytes" : 101303144,
        "bw_bytes" : 3457698725,
        "bw" : 3376658,
        "iops" : 422082.363921,
        "runtime" : 30001,
        "total_ios" : 12662893,
        "short_ios" : 0,
        "drop_ios" : 0,
        "slat_ns" : {
          "min" : 0,
          "max" : 0,
          "mean" : 0.000000,
          "stddev" : 0.000000,
          "N" : 0
        },
        "clat_ns" : {
          "min" : 1964,
          "max" : 4560371,
          "mean" : 9121.174293,
          "stddev" : 34161.183329,
          "N" : 12662893,
          "percentile" : {
            "1.000000" : 2224,
            "5.000000" : 2320,
            "10.000000" : 2512,
            "20.000000" : 2768,
            "30.000000" : 2960,
            "40.000000" : 3120,
            "50.000000" : 3312,
            "60.000000" : 3536,
            "70.000000" : 3920,
            "80.000000" : 5280,
            "90.000000" : 7200,
            "95.000000" : 16064,
            "99.000000" : 142336,
            "99.500000" : 201728,
            "99.900000" : 358400,
            "99.950000" : 618496,
            "99.990000" : 1138688
          }
        },
        "lat_ns" : {
          "min" : 1984,
          "max" : 4560401,
          "mean" : 9166.508580,
          "stddev" : 34213.334004,
          "N" : 12662893
        },
        "bw_min" : 2995740,
        "bw_max" : 3622640,
        "bw_agg" : 100.000000,
        "bw_mean" : 3381366.694915,
        "bw_dev" : 40310.768544,
        "bw_samples" : 236,
        "iops_min" : 374467,
        "iops_max" : 452830,
        "iops_mean" : 422670.338983,
        "iops_stddev" : 5038.866304,
        "iops_samples" : 236
      },
      "write" : {
        "io_bytes" : 0,
        "io_kbytes" : 0,
        "bw_bytes" : 0,
        "bw" : 0,
        "iops" : 0.000000,
        "runtime" : 0,
        "total_ios" : 0,
        "short_ios" : 0,
        "drop_ios" : 0,
        "slat_ns" : {
          "min" : 0,
          "max" : 0,
          "mean" : 0.000000,
          "stddev" : 0.000000,
          "N" : 0
        },
        "clat_ns" : {
          "min" : 0,
          "max" : 0,
          "mean" : 0.000000,
          "stddev" : 0.000000,
          "N" : 0
        },
        "lat_ns" : {
          "min" : 0,
          "max" : 0,
          "mean" : 0.000000,
          "stddev" : 0.000000,
          "N" : 0
        },
        "bw_min" : 0,
        "bw_max" : 0,
        "bw_agg" : 0.000000,
        "bw_mean" : 0.000000,
        "bw_dev" : 0.000000,
        "bw_samples" : 0,
        "iops_min" : 0,
        "iops_max" : 0,
        "iops_mean" : 0.000000,
        "iops_stddev" : 0.000000,
        "iops_samples" : 0
      },
      "trim" : {
        "io_bytes" : 0,
        "io_kbytes" : 0,
        "bw_bytes" : 0,
        "bw" : 0,
        "iops" : 0.000000,
        "runtime" : 0,
        "total_ios" : 0,
        "short_ios" : 0,
        "drop_ios" : 0,
        "slat_ns" : {
          "min" : 0,
          "max" : 0,
          "mean" : 0.000000,
          "stddev" : 0.000000,
          "N" : 0
        },
        "clat_ns" : {
          "min" : 0,
          "max" : 0,
          "mean" : 0.000000,
          "stddev" : 0.000000,
          "N" : 0
        },
        "lat_ns" : {
          "min" : 0,
          "max" : 0,
          "mean" : 0.000000,
          "stddev" : 0.000000,
          "N" : 0
        },
        "bw_min" : 0,
        "bw_max" : 0,
        "bw_agg" : 0.000000,
        "bw_mean" : 0.000000,
        "bw_dev" : 0.000000,
        "bw_samples" : 0,
        "iops_min" : 0,
        "iops_max" : 0,
        "iops_mean" : 0.000000,
        "iops_stddev" : 0.000000,
        "iops_samples" : 0
      },
      "sync" : {
        "total_ios" : 0,
        "lat_ns" : {
          "min" : 0,
          "max" : 0,
          "mean" : 0.000000,
          "stddev" : 0.000000,
          "N" : 0
        }
      },
      "job_runtime" : 120000,
      "usr_cpu" : 6.743333,
      "sys_cpu" : 55.429167,
      "ctx" : 943336,
      "majf" : 0,
      "minf" : 50,
      "iodepth_level" : {
        "1" : 100.000000,
        "2" : 0.000000,
        "4" : 0.000000,
        "8" : 0.000000,
        "16" : 0.000000,
        "32" : 0.000000,
        ">=64" : 0.000000
      },
      "iodepth_submit" : {
        "0" : 0.000000,
        "4" : 100.000000,
        "8" : 0.000000,
        "16" : 0.000000,
        "32" : 0.000000,
        "64" : 0.000000,
        ">=64" : 0.000000
      },
      "iodepth_complete" : {
        "0" : 0.000000,
        "4" : 100.000000,
        "8" : 0.000000,
        "16" : 0.000000,
        "32" : 0.000000,
        "64" : 0.000000,
        ">=64" : 0.000000
      },
      "latency_ns" : {
        "2" : 0.000000,
        "4" : 0.000000,
        "10" : 0.000000,
        "20" : 0.000000,
        "50" : 0.000000,
        "100" : 0.000000,
        "250" : 0.000000,
        "500" : 0.000000,
        "750" : 0.000000,
        "1000" : 0.000000
      },
      "latency_us" : {
        "2" : 0.010000,
        "4" : 71.161890,
        "10" : 22.917267,
        "20" : 0.993857,
        "50" : 0.516493,
        "100" : 2.820343,
        "250" : 1.350955,
        "500" : 0.176413,
        "750" : 0.026961,
        "1000" : 0.020738
      },
      "latency_ms" : {
        "2" : 0.014570,
        "4" : 0.010000,
        "10" : 0.010000,
        "20" : 0.000000,
        "50" : 0.000000,
        "100" : 0.000000,
        "250" : 0.000000,
        "500" : 0.000000,
        "750" : 0.000000,
        "1000" : 0.000000,
        "2000" : 0.000000,
        ">=2000" : 0.000000
      },
      "latency_depth" : 64,
      "latency_target" : 0,
      "latency_percentile" : 100.000000,
      "latency_window" : 0
    }
  ],
  "disk_util" : [
    {
      "name" : "nullb0",
      "read_ios" : 12591043,
      "write_ios" : 0,
      "read_sectors" : 201547856,
      "write_sectors" : 0,
      "read_merges" : 5697,
      "write_merges" : 0,
      "read_ticks" : 515396074679,
      "write_ticks" : 0,
      "in_queue" : 515396074679,
      "util" : 67.601777
    }
  ]
}
