{
  "fio version" : "fio-3.36",
  "timestamp" : 1748129971,
  "timestamp_ms" : 1748129971910,
  "time" : "Sat May 24 23:39:31 2025",
  "global options" : {
    "filename" : "/dev/nullb1",
    "iodepth" : "64",
    "ioengine" : "psync",
    "direct" : "1",
    "rw" : "read",
    "bs" : "4k",
    "size" : "1G",
    "runtime" : "30",
    "numjobs" : "3"
  },
  "jobs" : [
    {
      "jobname" : "rust_test",
      "groupid" : 0,
      "job_start" : 1748129941897,
      "error" : 0,
      "eta" : 0,
      "elapsed" : 31,
      "job options" : {
        "name" : "rust_test",
        "ioscheduler" : "mq-deadline"
      },
      "read" : {
        "io_bytes" : 60329656320,
        "io_kbytes" : 58915680,
        "bw_bytes" : 2010921513,
        "bw" : 1963790,
        "iops" : 490947.635079,
        "runtime" : 30001,
        "total_ios" : 14728920,
        "short_ios" : 0,
        "drop_ios" : 0,
        "slat_ns" : {
          "min" : 0,
          "max" : 0,
          "mean" : 0.000000,
          "stddev" : 0.000000,
          "N" : 0
        },
        "clat_ns" : {
          "min" : 1703,
          "max" : 5134271,
          "mean" : 5829.650837,
          "stddev" : 22231.138640,
          "N" : 14728920,
          "percentile" : {
            "1.000000" : 1896,
            "5.000000" : 1928,
            "10.000000" : 1960,
            "20.000000" : 2096,
            "30.000000" : 2320,
            "40.000000" : 2480,
            "50.000000" : 2608,
            "60.000000" : 2768,
            "70.000000" : 2960,
            "80.000000" : 3344,
            "90.000000" : 5344,
            "95.000000" : 7136,
            "99.000000" : 86528,
            "99.500000" : 132096,
            "99.900000" : 236544,
            "99.950000" : 301056,
            "99.990000" : 823296
          }
        },
        "lat_ns" : {
          "min" : 1723,
          "max" : 5134451,
          "mean" : 5860.447360,
          "stddev" : 22259.796725,
          "N" : 14728920
        },
        "bw_min" : 1855272,
        "bw_max" : 2032240,
        "bw_agg" : 100.000000,
        "bw_mean" : 1966202.728814,
        "bw_dev" : 11482.147646,
        "bw_samples" : 177,
        "iops_min" : 463818,
        "iops_max" : 508060,
        "iops_mean" : 491550.440678,
        "iops_stddev" : 2870.547837,
        "iops_samples" : 177
      },
      "write" : {
        "io_bytes" : 0,
        "io_kbytes" : 0,
        "bw_bytes" : 0,
        "bw" : 0,
        "iops" : 0.000000,
        "runtime" : 0,
        "total_ios" : 0,
        "short_ios" : 0,
        "drop_ios" : 0,
        "slat_ns" : {
          "min" : 0,
          "max" : 0,
          "mean" : 0.000000,
          "stddev" : 0.000000,
          "N" : 0
        },
        "clat_ns" : {
          "min" : 0,
          "max" : 0,
          "mean" : 0.000000,
          "stddev" : 0.000000,
          "N" : 0
        },
        "lat_ns" : {
          "min" : 0,
          "max" : 0,
          "mean" : 0.000000,
          "stddev" : 0.000000,
          "N" : 0
        },
        "bw_min" : 0,
        "bw_max" : 0,
        "bw_agg" : 0.000000,
        "bw_mean" : 0.000000,
        "bw_dev" : 0.000000,
        "bw_samples" : 0,
        "iops_min" : 0,
        "iops_max" : 0,
        "iops_mean" : 0.000000,
        "iops_stddev" : 0.000000,
        "iops_samples" : 0
      },
      "trim" : {
        "io_bytes" : 0,
        "io_kbytes" : 0,
        "bw_bytes" : 0,
        "bw" : 0,
        "iops" : 0.000000,
        "runtime" : 0,
        "total_ios" : 0,
        "short_ios" : 0,
        "drop_ios" : 0,
        "slat_ns" : {
          "min" : 0,
          "max" : 0,
          "mean" : 0.000000,
          "stddev" : 0.000000,
          "N" : 0
        },
        "clat_ns" : {
          "min" : 0,
          "max" : 0,
          "mean" : 0.000000,
          "stddev" : 0.000000,
          "N" : 0
        },
        "lat_ns" : {
          "min" : 0,
          "max" : 0,
          "mean" : 0.000000,
          "stddev" : 0.000000,
          "N" : 0
        },
        "bw_min" : 0,
        "bw_max" : 0,
        "bw_agg" : 0.000000,
        "bw_mean" : 0.000000,
        "bw_dev" : 0.000000,
        "bw_samples" : 0,
        "iops_min" : 0,
        "iops_max" : 0,
        "iops_mean" : 0.000000,
        "iops_stddev" : 0.000000,
        "iops_samples" : 0
      },
      "sync" : {
        "total_ios" : 0,
        "lat_ns" : {
          "min" : 0,
          "max" : 0,
          "mean" : 0.000000,
          "stddev" : 0.000000,
          "N" : 0
        }
      },
      "job_runtime" : 90000,
      "usr_cpu" : 8.391111,
      "sys_cpu" : 58.527778,
      "ctx" : 730982,
      "majf" : 0,
      "minf" : 25,
      "iodepth_level" : {
        "1" : 100.000000,
        "2" : 0.000000,
        "4" : 0.000000,
        "8" : 0.000000,
        "16" : 0.000000,
        "32" : 0.000000,
        ">=64" : 0.000000
      },
      "iodepth_submit" : {
        "0" : 0.000000,
        "4" : 100.000000,
        "8" : 0.000000,
        "16" : 0.000000,
        "32" : 0.000000,
        "64" : 0.000000,
        ">=64" : 0.000000
      },
      "iodepth_complete" : {
        "0" : 0.000000,
        "4" : 100.000000,
        "8" : 0.000000,
        "16" : 0.000000,
        "32" : 0.000000,
        "64" : 0.000000,
        ">=64" : 0.000000
      },
      "latency_ns" : {
        "2" : 0.000000,
        "4" : 0.000000,
        "10" : 0.000000,
        "20" : 0.000000,
        "50" : 0.000000,
        "100" : 0.000000,
        "250" : 0.000000,
        "500" : 0.000000,
        "750" : 0.000000,
        "1000" : 0.000000
      },
      "latency_us" : {
        "2" : 12.929509,
        "4" : 71.472566,
        "10" : 12.233158,
        "20" : 0.325584,
        "50" : 0.230709,
        "100" : 2.046817,
        "250" : 0.679215,
        "500" : 0.056026,
        "750" : 0.013334,
        "1000" : 0.010000
      },
      "latency_ms" : {
        "2" : 0.010000,
        "4" : 0.010000,
        "10" : 0.010000,
        "20" : 0.000000,
        "50" : 0.000000,
        "100" : 0.000000,
        "250" : 0.000000,
        "500" : 0.000000,
        "750" : 0.000000,
        "1000" : 0.000000,
        "2000" : 0.000000,
        ">=2000" : 0.000000
      },
      "latency_depth" : 64,
      "latency_target" : 0,
      "latency_percentile" : 100.000000,
      "latency_window" : 0
    }
  ],
  "disk_util" : [
    {
      "name" : "nullb1",
      "read_ios" : 14649152,
      "write_ios" : 0,
      "read_sectors" : 117304768,
      "write_sectors" : 0,
      "read_merges" : 13943,
      "write_merges" : 0,
      "read_ticks" : 515396075062,
      "write_ticks" : 0,
      "in_queue" : 515396075062,
      "util" : 50.570952
    }
  ]
}
