{
  "fio version" : "fio-3.36",
  "timestamp" : 1748130275,
  "timestamp_ms" : 1748130275464,
  "time" : "Sat May 24 23:44:35 2025",
  "global options" : {
    "filename" : "/dev/nullb1",
    "iodepth" : "64",
    "ioengine" : "psync",
    "direct" : "1",
    "rw" : "read",
    "bs" : "8k",
    "size" : "1G",
    "runtime" : "30",
    "numjobs" : "4"
  },
  "jobs" : [
    {
      "jobname" : "rust_test",
      "groupid" : 0,
      "job_start" : 1748130245436,
      "error" : 0,
      "eta" : 0,
      "elapsed" : 31,
      "job options" : {
        "name" : "rust_test",
        "ioscheduler" : "mq-deadline"
      },
      "read" : {
        "io_bytes" : 107532271616,
        "io_kbytes" : 105011984,
        "bw_bytes" : 3584289577,
        "bw" : 3500282,
        "iops" : 437535.348822,
        "runtime" : 30001,
        "total_ios" : 13126498,
        "short_ios" : 0,
        "drop_ios" : 0,
        "slat_ns" : {
          "min" : 0,
          "max" : 0,
          "mean" : 0.000000,
          "stddev" : 0.000000,
          "N" : 0
        },
        "clat_ns" : {
          "min" : 1913,
          "max" : 3935331,
          "mean" : 8806.273625,
          "stddev" : 32711.964171,
          "N" : 13126498,
          "percentile" : {
            "1.000000" : 2192,
            "5.000000" : 2256,
            "10.000000" : 2352,
            "20.000000" : 2672,
            "30.000000" : 2832,
            "40.000000" : 3024,
            "50.000000" : 3216,
            "60.000000" : 3440,
            "70.000000" : 3824,
            "80.000000" : 5152,
            "90.000000" : 7072,
            "95.000000" : 13376,
            "99.000000" : 134144,
            "99.500000" : 193536,
            "99.900000" : 337920,
            "99.950000" : 585728,
            "99.990000" : 1073152
          }
        },
        "lat_ns" : {
          "min" : 1923,
          "max" : 3935371,
          "mean" : 8844.679588,
          "stddev" : 32757.832472,
          "N" : 13126498
        },
        "bw_min" : 3223248,
        "bw_max" : 3665088,
        "bw_agg" : 100.000000,
        "bw_mean" : 3505901.542373,
        "bw_dev" : 25803.455814,
        "bw_samples" : 236,
        "iops_min" : 402906,
        "iops_max" : 458136,
        "iops_mean" : 438237.050847,
        "iops_stddev" : 3225.459713,
        "iops_samples" : 236
      },
      "write" : {
        "io_bytes" : 0,
        "io_kbytes" : 0,
        "bw_bytes" : 0,
        "bw" : 0,
        "iops" : 0.000000,
        "runtime" : 0,
        "total_ios" : 0,
        "short_ios" : 0,
        "drop_ios" : 0,
        "slat_ns" : {
          "min" : 0,
          "max" : 0,
          "mean" : 0.000000,
          "stddev" : 0.000000,
          "N" : 0
        },
        "clat_ns" : {
          "min" : 0,
          "max" : 0,
          "mean" : 0.000000,
          "stddev" : 0.000000,
          "N" : 0
        },
        "lat_ns" : {
          "min" : 0,
          "max" : 0,
          "mean" : 0.000000,
          "stddev" : 0.000000,
          "N" : 0
        },
        "bw_min" : 0,
        "bw_max" : 0,
        "bw_agg" : 0.000000,
        "bw_mean" : 0.000000,
        "bw_dev" : 0.000000,
        "bw_samples" : 0,
        "iops_min" : 0,
        "iops_max" : 0,
        "iops_mean" : 0.000000,
        "iops_stddev" : 0.000000,
        "iops_samples" : 0
      },
      "trim" : {
        "io_bytes" : 0,
        "io_kbytes" : 0,
        "bw_bytes" : 0,
        "bw" : 0,
        "iops" : 0.000000,
        "runtime" : 0,
        "total_ios" : 0,
        "short_ios" : 0,
        "drop_ios" : 0,
        "slat_ns" : {
          "min" : 0,
          "max" : 0,
          "mean" : 0.000000,
          "stddev" : 0.000000,
          "N" : 0
        },
        "clat_ns" : {
          "min" : 0,
          "max" : 0,
          "mean" : 0.000000,
          "stddev" : 0.000000,
          "N" : 0
        },
        "lat_ns" : {
          "min" : 0,
          "max" : 0,
          "mean" : 0.000000,
          "stddev" : 0.000000,
          "N" : 0
        },
        "bw_min" : 0,
        "bw_max" : 0,
        "bw_agg" : 0.000000,
        "bw_mean" : 0.000000,
        "bw_dev" : 0.000000,
        "bw_samples" : 0,
        "iops_min" : 0,
        "iops_max" : 0,
        "iops_mean" : 0.000000,
        "iops_stddev" : 0.000000,
        "iops_samples" : 0
      },
      "sync" : {
        "total_ios" : 0,
        "lat_ns" : {
          "min" : 0,
          "max" : 0,
          "mean" : 0.000000,
          "stddev" : 0.000000,
          "N" : 0
        }
      },
      "job_runtime" : 120000,
      "usr_cpu" : 6.351667,
      "sys_cpu" : 55.075000,
      "ctx" : 986255,
      "majf" : 0,
      "minf" : 48,
      "iodepth_level" : {
        "1" : 100.000000,
        "2" : 0.000000,
        "4" : 0.000000,
        "8" : 0.000000,
        "16" : 0.000000,
        "32" : 0.000000,
        ">=64" : 0.000000
      },
      "iodepth_submit" : {
        "0" : 0.000000,
        "4" : 100.000000,
        "8" : 0.000000,
        "16" : 0.000000,
        "32" : 0.000000,
        "64" : 0.000000,
        ">=64" : 0.000000
      },
      "iodepth_complete" : {
        "0" : 0.000000,
        "4" : 100.000000,
        "8" : 0.000000,
        "16" : 0.000000,
        "32" : 0.000000,
        "64" : 0.000000,
        ">=64" : 0.000000
      },
      "latency_ns" : {
        "2" : 0.000000,
        "4" : 0.000000,
        "10" : 0.000000,
        "20" : 0.000000,
        "50" : 0.000000,
        "100" : 0.000000,
        "250" : 0.000000,
        "500" : 0.000000,
        "750" : 0.000000,
        "1000" : 0.000000
      },
      "latency_us" : {
        "2" : 0.010000,
        "4" : 72.249392,
        "10" : 22.014996,
        "20" : 0.885232,
        "50" : 0.459711,
        "100" : 2.891121,
        "250" : 1.286451,
        "500" : 0.154481,
        "750" : 0.026100,
        "1000" : 0.019426
      },
      "latency_ms" : {
        "2" : 0.012372,
        "4" : 0.010000,
        "10" : 0.000000,
        "20" : 0.000000,
        "50" : 0.000000,
        "100" : 0.000000,
        "250" : 0.000000,
        "500" : 0.000000,
        "750" : 0.000000,
        "1000" : 0.000000,
        "2000" : 0.000000,
        ">=2000" : 0.000000
      },
      "latency_depth" : 64,
      "latency_target" : 0,
      "latency_percentile" : 100.000000,
      "latency_window" : 0
    }
  ],
  "disk_util" : [
    {
      "name" : "nullb1",
      "read_ios" : 13058342,
      "write_ios" : 0,
      "read_sectors" : 209128032,
      "write_sectors" : 0,
      "read_merges" : 12160,
      "write_merges" : 0,
      "read_ticks" : 515396074666,
      "write_ticks" : 0,
      "in_queue" : 515396074666,
      "util" : 65.623643
    }
  ]
}
