{
  "fio version" : "fio-3.36",
  "timestamp" : 1748130457,
  "timestamp_ms" : 1748130457615,
  "time" : "Sat May 24 23:47:37 2025",
  "global options" : {
    "filename" : "/dev/nullb1",
    "iodepth" : "64",
    "ioengine" : "psync",
    "direct" : "1",
    "rw" : "read",
    "bs" : "16k",
    "size" : "1G",
    "runtime" : "30",
    "numjobs" : "3"
  },
  "jobs" : [
    {
      "jobname" : "rust_test",
      "groupid" : 0,
      "job_start" : 1748130427590,
      "error" : 0,
      "eta" : 0,
      "elapsed" : 31,
      "job options" : {
        "name" : "rust_test",
        "ioscheduler" : "mq-deadline"
      },
      "read" : {
        "io_bytes" : 165906300928,
        "io_kbytes" : 162017872,
        "bw_bytes" : 5530025696,
        "bw" : 5400415,
        "iops" : 337525.982467,
        "runtime" : 30001,
        "total_ios" : 10126117,
        "short_ios" : 0,
        "drop_ios" : 0,
        "slat_ns" : {
          "min" : 0,
          "max" : 0,
          "mean" : 0.000000,
          "stddev" : 0.000000,
          "N" : 0
        },
        "clat_ns" : {
          "min" : 2394,
          "max" : 11088487,
          "mean" : 8574.120341,
          "stddev" : 30528.860102,
          "N" : 10126117,
          "percentile" : {
            "1.000000" : 2640,
            "5.000000" : 2832,
            "10.000000" : 3024,
            "20.000000" : 3344,
            "30.000000" : 3568,
            "40.000000" : 3696,
            "50.000000" : 3792,
            "60.000000" : 3984,
            "70.000000" : 4256,
            "80.000000" : 4832,
            "90.000000" : 6944,
            "95.000000" : 10048,
            "99.000000" : 144384,
            "99.500000" : 197632,
            "99.900000" : 313344,
            "99.950000" : 464896,
            "99.990000" : 987136
          }
        },
        "lat_ns" : {
          "min" : 2405,
          "max" : 11088507,
          "mean" : 8609.369930,
          "stddev" : 30566.173215,
          "N" : 10126117
        },
        "bw_min" : 4871200,
        "bw_max" : 5893376,
        "bw_agg" : 100.000000,
        "bw_mean" : 5407151.728814,
        "bw_dev" : 72475.899131,
        "bw_samples" : 177,
        "iops_min" : 304450,
        "iops_max" : 368336,
        "iops_mean" : 337946.711864,
        "iops_stddev" : 4529.709539,
        "iops_samples" : 177
      },
      "write" : {
        "io_bytes" : 0,
        "io_kbytes" : 0,
        "bw_bytes" : 0,
        "bw" : 0,
        "iops" : 0.000000,
        "runtime" : 0,
        "total_ios" : 0,
        "short_ios" : 0,
        "drop_ios" : 0,
        "slat_ns" : {
          "min" : 0,
          "max" : 0,
          "mean" : 0.000000,
          "stddev" : 0.000000,
          "N" : 0
        },
        "clat_ns" : {
          "min" : 0,
          "max" : 0,
          "mean" : 0.000000,
          "stddev" : 0.000000,
          "N" : 0
        },
        "lat_ns" : {
          "min" : 0,
          "max" : 0,
          "mean" : 0.000000,
          "stddev" : 0.000000,
          "N" : 0
        },
        "bw_min" : 0,
        "bw_max" : 0,
        "bw_agg" : 0.000000,
        "bw_mean" : 0.000000,
        "bw_dev" : 0.000000,
        "bw_samples" : 0,
        "iops_min" : 0,
        "iops_max" : 0,
        "iops_mean" : 0.000000,
        "iops_stddev" : 0.000000,
        "iops_samples" : 0
      },
      "trim" : {
        "io_bytes" : 0,
        "io_kbytes" : 0,
        "bw_bytes" : 0,
        "bw" : 0,
        "iops" : 0.000000,
        "runtime" : 0,
        "total_ios" : 0,
        "short_ios" : 0,
        "drop_ios" : 0,
        "slat_ns" : {
          "min" : 0,
          "max" : 0,
          "mean" : 0.000000,
          "stddev" : 0.000000,
          "N" : 0
        },
        "clat_ns" : {
          "min" : 0,
          "max" : 0,
          "mean" : 0.000000,
          "stddev" : 0.000000,
          "N" : 0
        },
        "lat_ns" : {
          "min" : 0,
          "max" : 0,
          "mean" : 0.000000,
          "stddev" : 0.000000,
          "N" : 0
        },
        "bw_min" : 0,
        "bw_max" : 0,
        "bw_agg" : 0.000000,
        "bw_mean" : 0.000000,
        "bw_dev" : 0.000000,
        "bw_samples" : 0,
        "iops_min" : 0,
        "iops_max" : 0,
        "iops_mean" : 0.000000,
        "iops_stddev" : 0.000000,
        "iops_samples" : 0
      },
      "sync" : {
        "total_ios" : 0,
        "lat_ns" : {
          "min" : 0,
          "max" : 0,
          "mean" : 0.000000,
          "stddev" : 0.000000,
          "N" : 0
        }
      },
      "job_runtime" : 90000,
      "usr_cpu" : 6.214444,
      "sys_cpu" : 65.915556,
      "ctx" : 438683,
      "majf" : 0,
      "minf" : 37,
      "iodepth_level" : {
        "1" : 100.000000,
        "2" : 0.000000,
        "4" : 0.000000,
        "8" : 0.000000,
        "16" : 0.000000,
        "32" : 0.000000,
        ">=64" : 0.000000
      },
      "iodepth_submit" : {
        "0" : 0.000000,
        "4" : 100.000000,
        "8" : 0.000000,
        "16" : 0.000000,
        "32" : 0.000000,
        "64" : 0.000000,
        ">=64" : 0.000000
      },
      "iodepth_complete" : {
        "0" : 0.000000,
        "4" : 100.000000,
        "8" : 0.000000,
        "16" : 0.000000,
        "32" : 0.000000,
        "64" : 0.000000,
        ">=64" : 0.000000
      },
      "latency_ns" : {
        "2" : 0.000000,
        "4" : 0.000000,
        "10" : 0.000000,
        "20" : 0.000000,
        "50" : 0.000000,
        "100" : 0.000000,
        "250" : 0.000000,
        "500" : 0.000000,
        "750" : 0.000000,
        "1000" : 0.000000
      },
      "latency_us" : {
        "2" : 0.000000,
        "4" : 61.312940,
        "10" : 33.627224,
        "20" : 1.101794,
        "50" : 0.612653,
        "100" : 1.917290,
        "250" : 1.221070,
        "500" : 0.159735,
        "750" : 0.021973,
        "1000" : 0.015959
      },
      "latency_ms" : {
        "2" : 0.010000,
        "4" : 0.010000,
        "10" : 0.000000,
        "20" : 0.010000,
        "50" : 0.000000,
        "100" : 0.000000,
        "250" : 0.000000,
        "500" : 0.000000,
        "750" : 0.000000,
        "1000" : 0.000000,
        "2000" : 0.000000,
        ">=2000" : 0.000000
      },
      "latency_depth" : 64,
      "latency_target" : 0,
      "latency_percentile" : 100.000000,
      "latency_window" : 0
    }
  ],
  "disk_util" : [
    {
      "name" : "nullb1",
      "read_ios" : 10086229,
      "write_ios" : 0,
      "read_sectors" : 322787200,
      "write_sectors" : 0,
      "read_merges" : 871,
      "write_merges" : 0,
      "read_ticks" : 515396075027,
      "write_ticks" : 0,
      "in_queue" : 515396075027,
      "util" : 66.911519
    }
  ]
}
