{
  "fio version" : "fio-3.36",
  "timestamp" : 1748130032,
  "timestamp_ms" : 1748130032567,
  "time" : "Sat May 24 23:40:32 2025",
  "global options" : {
    "filename" : "/dev/nullb1",
    "iodepth" : "64",
    "ioengine" : "psync",
    "direct" : "1",
    "rw" : "read",
    "bs" : "4k",
    "size" : "1G",
    "runtime" : "30",
    "numjobs" : "4"
  },
  "jobs" : [
    {
      "jobname" : "rust_test",
      "groupid" : 0,
      "job_start" : 1748130002552,
      "error" : 0,
      "eta" : 0,
      "elapsed" : 31,
      "job options" : {
        "name" : "rust_test",
        "ioscheduler" : "mq-deadline"
      },
      "read" : {
        "io_bytes" : 61294374912,
        "io_kbytes" : 59857788,
        "bw_bytes" : 2043077727,
        "bw" : 1995193,
        "iops" : 498798.273391,
        "runtime" : 30001,
        "total_ios" : 14964447,
        "short_ios" : 0,
        "drop_ios" : 0,
        "slat_ns" : {
          "min" : 0,
          "max" : 0,
          "mean" : 0.000000,
          "stddev" : 0.000000,
          "N" : 0
        },
        "clat_ns" : {
          "min" : 1723,
          "max" : 13829107,
          "mean" : 7682.989010,
          "stddev" : 29790.047959,
          "N" : 14964447,
          "percentile" : {
            "1.000000" : 1928,
            "5.000000" : 1976,
            "10.000000" : 2096,
            "20.000000" : 2352,
            "30.000000" : 2544,
            "40.000000" : 2672,
            "50.000000" : 2832,
            "60.000000" : 2992,
            "70.000000" : 3312,
            "80.000000" : 4320,
            "90.000000" : 6304,
            "95.000000" : 9792,
            "99.000000" : 107008,
            "99.500000" : 171008,
            "99.900000" : 296960,
            "99.950000" : 452608,
            "99.990000" : 1019904
          }
        },
        "lat_ns" : {
          "min" : 1743,
          "max" : 13829157,
          "mean" : 7725.959414,
          "stddev" : 29827.473309,
          "N" : 14964447
        },
        "bw_min" : 1737520,
        "bw_max" : 2204972,
        "bw_agg" : 100.000000,
        "bw_mean" : 1999100.389831,
        "bw_dev" : 32564.274203,
        "bw_samples" : 236,
        "iops_min" : 434380,
        "iops_max" : 551242,
        "iops_mean" : 499774.830508,
        "iops_stddev" : 8141.034423,
        "iops_samples" : 236
      },
      "write" : {
        "io_bytes" : 0,
        "io_kbytes" : 0,
        "bw_bytes" : 0,
        "bw" : 0,
        "iops" : 0.000000,
        "runtime" : 0,
        "total_ios" : 0,
        "short_ios" : 0,
        "drop_ios" : 0,
        "slat_ns" : {
          "min" : 0,
          "max" : 0,
          "mean" : 0.000000,
          "stddev" : 0.000000,
          "N" : 0
        },
        "clat_ns" : {
          "min" : 0,
          "max" : 0,
          "mean" : 0.000000,
          "stddev" : 0.000000,
          "N" : 0
        },
        "lat_ns" : {
          "min" : 0,
          "max" : 0,
          "mean" : 0.000000,
          "stddev" : 0.000000,
          "N" : 0
        },
        "bw_min" : 0,
        "bw_max" : 0,
        "bw_agg" : 0.000000,
        "bw_mean" : 0.000000,
        "bw_dev" : 0.000000,
        "bw_samples" : 0,
        "iops_min" : 0,
        "iops_max" : 0,
        "iops_mean" : 0.000000,
        "iops_stddev" : 0.000000,
        "iops_samples" : 0
      },
      "trim" : {
        "io_bytes" : 0,
        "io_kbytes" : 0,
        "bw_bytes" : 0,
        "bw" : 0,
        "iops" : 0.000000,
        "runtime" : 0,
        "total_ios" : 0,
        "short_ios" : 0,
        "drop_ios" : 0,
        "slat_ns" : {
          "min" : 0,
          "max" : 0,
          "mean" : 0.000000,
          "stddev" : 0.000000,
          "N" : 0
        },
        "clat_ns" : {
          "min" : 0,
          "max" : 0,
          "mean" : 0.000000,
          "stddev" : 0.000000,
          "N" : 0
        },
        "lat_ns" : {
          "min" : 0,
          "max" : 0,
          "mean" : 0.000000,
          "stddev" : 0.000000,
          "N" : 0
        },
        "bw_min" : 0,
        "bw_max" : 0,
        "bw_agg" : 0.000000,
        "bw_mean" : 0.000000,
        "bw_dev" : 0.000000,
        "bw_samples" : 0,
        "iops_min" : 0,
        "iops_max" : 0,
        "iops_mean" : 0.000000,
        "iops_stddev" : 0.000000,
        "iops_samples" : 0
      },
      "sync" : {
        "total_ios" : 0,
        "lat_ns" : {
          "min" : 0,
          "max" : 0,
          "mean" : 0.000000,
          "stddev" : 0.000000,
          "N" : 0
        }
      },
      "job_runtime" : 120000,
      "usr_cpu" : 7.568333,
      "sys_cpu" : 53.033333,
      "ctx" : 985669,
      "majf" : 0,
      "minf" : 42,
      "iodepth_level" : {
        "1" : 100.000000,
        "2" : 0.000000,
        "4" : 0.000000,
        "8" : 0.000000,
        "16" : 0.000000,
        "32" : 0.000000,
        ">=64" : 0.000000
      },
      "iodepth_submit" : {
        "0" : 0.000000,
        "4" : 100.000000,
        "8" : 0.000000,
        "16" : 0.000000,
        "32" : 0.000000,
        "64" : 0.000000,
        ">=64" : 0.000000
      },
      "iodepth_complete" : {
        "0" : 0.000000,
        "4" : 100.000000,
        "8" : 0.000000,
        "16" : 0.000000,
        "32" : 0.000000,
        "64" : 0.000000,
        ">=64" : 0.000000
      },
      "latency_ns" : {
        "2" : 0.000000,
        "4" : 0.000000,
        "10" : 0.000000,
        "20" : 0.000000,
        "50" : 0.000000,
        "100" : 0.000000,
        "250" : 0.000000,
        "500" : 0.000000,
        "750" : 0.000000,
        "1000" : 0.000000
      },
      "latency_us" : {
        "2" : 5.995049,
        "4" : 72.180743,
        "10" : 16.888770,
        "20" : 0.530451,
        "50" : 0.355295,
        "100" : 2.844783,
        "250" : 1.050617,
        "500" : 0.108524,
        "750" : 0.019647,
        "1000" : 0.015310
      },
      "latency_ms" : {
        "2" : 0.010398,
        "4" : 0.010000,
        "10" : 0.010000,
        "20" : 0.010000,
        "50" : 0.000000,
        "100" : 0.000000,
        "250" : 0.000000,
        "500" : 0.000000,
        "750" : 0.000000,
        "1000" : 0.000000,
        "2000" : 0.000000,
        ">=2000" : 0.000000
      },
      "latency_depth" : 64,
      "latency_target" : 0,
      "latency_percentile" : 100.000000,
      "latency_window" : 0
    }
  ],
  "disk_util" : [
    {
      "name" : "nullb1",
      "read_ios" : 14900055,
      "write_ios" : 0,
      "read_sectors" : 119289368,
      "write_sectors" : 0,
      "read_merges" : 11114,
      "write_merges" : 0,
      "read_ticks" : 515396074634,
      "write_ticks" : 0,
      "in_queue" : 515396074634,
      "util" : 61.415929
    }
  ]
}
