{
  "fio version" : "fio-3.36",
  "timestamp" : 1748130518,
  "timestamp_ms" : 1748130518339,
  "time" : "Sat May 24 23:48:38 2025",
  "global options" : {
    "filename" : "/dev/nullb1",
    "iodepth" : "64",
    "ioengine" : "psync",
    "direct" : "1",
    "rw" : "read",
    "bs" : "16k",
    "size" : "1G",
    "runtime" : "30",
    "numjobs" : "4"
  },
  "jobs" : [
    {
      "jobname" : "rust_test",
      "groupid" : 0,
      "job_start" : 1748130488323,
      "error" : 0,
      "eta" : 0,
      "elapsed" : 31,
      "job options" : {
        "name" : "rust_test",
        "ioscheduler" : "mq-deadline"
      },
      "read" : {
        "io_bytes" : 190636802048,
        "io_kbytes" : 186168752,
        "bw_bytes" : 6354136459,
        "bw" : 6205211,
        "iops" : 387825.711619,
        "runtime" : 30002,
        "total_ios" : 11635547,
        "short_ios" : 0,
        "drop_ios" : 0,
        "slat_ns" : {
          "min" : 0,
          "max" : 0,
          "mean" : 0.000000,
          "stddev" : 0.000000,
          "N" : 0
        },
        "clat_ns" : {
          "min" : 2424,
          "max" : 4979847,
          "mean" : 9956.709687,
          "stddev" : 34840.026060,
          "N" : 11635547,
          "percentile" : {
            "1.000000" : 2640,
            "5.000000" : 2704,
            "10.000000" : 2992,
            "20.000000" : 3344,
            "30.000000" : 3536,
            "40.000000" : 3728,
            "50.000000" : 3856,
            "60.000000" : 4128,
            "70.000000" : 4512,
            "80.000000" : 5664,
            "90.000000" : 7968,
            "95.000000" : 24192,
            "99.000000" : 158720,
            "99.500000" : 211968,
            "99.900000" : 362496,
            "99.950000" : 634880,
            "99.990000" : 1089536
          }
        },
        "lat_ns" : {
          "min" : 2444,
          "max" : 4979877,
          "mean" : 10000.196181,
          "stddev" : 34875.600988,
          "N" : 11635547
        },
        "bw_min" : 5706428,
        "bw_max" : 6540792,
        "bw_agg" : 100.000000,
        "bw_mean" : 6216002.932203,
        "bw_dev" : 41229.684183,
        "bw_samples" : 236,
        "iops_min" : 356651,
        "iops_max" : 408799,
        "iops_mean" : 388499.677966,
        "iops_stddev" : 2576.846390,
        "iops_samples" : 236
      },
      "write" : {
        "io_bytes" : 0,
        "io_kbytes" : 0,
        "bw_bytes" : 0,
        "bw" : 0,
        "iops" : 0.000000,
        "runtime" : 0,
        "total_ios" : 0,
        "short_ios" : 0,
        "drop_ios" : 0,
        "slat_ns" : {
          "min" : 0,
          "max" : 0,
          "mean" : 0.000000,
          "stddev" : 0.000000,
          "N" : 0
        },
        "clat_ns" : {
          "min" : 0,
          "max" : 0,
          "mean" : 0.000000,
          "stddev" : 0.000000,
          "N" : 0
        },
        "lat_ns" : {
          "min" : 0,
          "max" : 0,
          "mean" : 0.000000,
          "stddev" : 0.000000,
          "N" : 0
        },
        "bw_min" : 0,
        "bw_max" : 0,
        "bw_agg" : 0.000000,
        "bw_mean" : 0.000000,
        "bw_dev" : 0.000000,
        "bw_samples" : 0,
        "iops_min" : 0,
        "iops_max" : 0,
        "iops_mean" : 0.000000,
        "iops_stddev" : 0.000000,
        "iops_samples" : 0
      },
      "trim" : {
        "io_bytes" : 0,
        "io_kbytes" : 0,
        "bw_bytes" : 0,
        "bw" : 0,
        "iops" : 0.000000,
        "runtime" : 0,
        "total_ios" : 0,
        "short_ios" : 0,
        "drop_ios" : 0,
        "slat_ns" : {
          "min" : 0,
          "max" : 0,
          "mean" : 0.000000,
          "stddev" : 0.000000,
          "N" : 0
        },
        "clat_ns" : {
          "min" : 0,
          "max" : 0,
          "mean" : 0.000000,
          "stddev" : 0.000000,
          "N" : 0
        },
        "lat_ns" : {
          "min" : 0,
          "max" : 0,
          "mean" : 0.000000,
          "stddev" : 0.000000,
          "N" : 0
        },
        "bw_min" : 0,
        "bw_max" : 0,
        "bw_agg" : 0.000000,
        "bw_mean" : 0.000000,
        "bw_dev" : 0.000000,
        "bw_samples" : 0,
        "iops_min" : 0,
        "iops_max" : 0,
        "iops_mean" : 0.000000,
        "iops_stddev" : 0.000000,
        "iops_samples" : 0
      },
      "sync" : {
        "total_ios" : 0,
        "lat_ns" : {
          "min" : 0,
          "max" : 0,
          "mean" : 0.000000,
          "stddev" : 0.000000,
          "N" : 0
        }
      },
      "job_runtime" : 120001,
      "usr_cpu" : 6.080783,
      "sys_cpu" : 59.575337,
      "ctx" : 742781,
      "majf" : 0,
      "minf" : 58,
      "iodepth_level" : {
        "1" : 100.000000,
        "2" : 0.000000,
        "4" : 0.000000,
        "8" : 0.000000,
        "16" : 0.000000,
        "32" : 0.000000,
        ">=64" : 0.000000
      },
      "iodepth_submit" : {
        "0" : 0.000000,
        "4" : 100.000000,
        "8" : 0.000000,
        "16" : 0.000000,
        "32" : 0.000000,
        "64" : 0.000000,
        ">=64" : 0.000000
      },
      "iodepth_complete" : {
        "0" : 0.000000,
        "4" : 100.000000,
        "8" : 0.000000,
        "16" : 0.000000,
        "32" : 0.000000,
        "64" : 0.000000,
        ">=64" : 0.000000
      },
      "latency_ns" : {
        "2" : 0.000000,
        "4" : 0.000000,
        "10" : 0.000000,
        "20" : 0.000000,
        "50" : 0.000000,
        "100" : 0.000000,
        "250" : 0.000000,
        "500" : 0.000000,
        "750" : 0.000000,
        "1000" : 0.000000
      },
      "latency_us" : {
        "2" : 0.000000,
        "4" : 56.531197,
        "10" : 36.750554,
        "20" : 1.635617,
        "50" : 0.627035,
        "100" : 2.719382,
        "250" : 1.479251,
        "500" : 0.190734,
        "750" : 0.028636,
        "1000" : 0.023944
      },
      "latency_ms" : {
        "2" : 0.013295,
        "4" : 0.010000,
        "10" : 0.010000,
        "20" : 0.000000,
        "50" : 0.000000,
        "100" : 0.000000,
        "250" : 0.000000,
        "500" : 0.000000,
        "750" : 0.000000,
        "1000" : 0.000000,
        "2000" : 0.000000,
        ">=2000" : 0.000000
      },
      "latency_depth" : 64,
      "latency_target" : 0,
      "latency_percentile" : 100.000000,
      "latency_window" : 0
    }
  ],
  "disk_util" : [
    {
      "name" : "nullb1",
      "read_ios" : 11573043,
      "write_ios" : 0,
      "read_sectors" : 370532256,
      "write_sectors" : 0,
      "read_merges" : 6090,
      "write_merges" : 0,
      "read_ticks" : 515396074659,
      "write_ticks" : 0,
      "in_queue" : 515396074659,
      "util" : 71.188648
    }
  ]
}
