{
  "fio version" : "fio-3.36",
  "timestamp" : 1748135167,
  "timestamp_ms" : 1748135167071,
  "time" : "Sun May 25 01:06:07 2025",
  "global options" : {
    "filename" : "/dev/nullb0",
    "iodepth" : "64",
    "ioengine" : "psync",
    "direct" : "1",
    "rw" : "randwrite",
    "bs" : "64k",
    "size" : "1G",
    "runtime" : "30",
    "numjobs" : "1"
  },
  "jobs" : [
    {
      "jobname" : "c_test",
      "groupid" : 0,
      "job_start" : 1748135137044,
      "error" : 0,
      "eta" : 0,
      "elapsed" : 31,
      "job options" : {
        "name" : "c_test",
        "ioscheduler" : "mq-deadline"
      },
      "read" : {
        "io_bytes" : 0,
        "io_kbytes" : 0,
        "bw_bytes" : 0,
        "bw" : 0,
        "iops" : 0.000000,
        "runtime" : 0,
        "total_ios" : 0,
        "short_ios" : 0,
        "drop_ios" : 0,
        "slat_ns" : {
          "min" : 0,
          "max" : 0,
          "mean" : 0.000000,
          "stddev" : 0.000000,
          "N" : 0
        },
        "clat_ns" : {
          "min" : 0,
          "max" : 0,
          "mean" : 0.000000,
          "stddev" : 0.000000,
          "N" : 0
        },
        "lat_ns" : {
          "min" : 0,
          "max" : 0,
          "mean" : 0.000000,
          "stddev" : 0.000000,
          "N" : 0
        },
        "bw_min" : 0,
        "bw_max" : 0,
        "bw_agg" : 0.000000,
        "bw_mean" : 0.000000,
        "bw_dev" : 0.000000,
        "bw_samples" : 0,
        "iops_min" : 0,
        "iops_max" : 0,
        "iops_mean" : 0.000000,
        "iops_stddev" : 0.000000,
        "iops_samples" : 0
      },
      "write" : {
        "io_bytes" : 222595776512,
        "io_kbytes" : 217378688,
        "bw_bytes" : 7419611896,
        "bw" : 7245714,
        "iops" : 113214.292857,
        "runtime" : 30001,
        "total_ios" : 3396542,
        "short_ios" : 0,
        "drop_ios" : 0,
        "slat_ns" : {
          "min" : 0,
          "max" : 0,
          "mean" : 0.000000,
          "stddev" : 0.000000,
          "N" : 0
        },
        "clat_ns" : {
          "min" : 5030,
          "max" : 2232642,
          "mean" : 8468.331001,
          "stddev" : 13701.758273,
          "N" : 3396542,
          "percentile" : {
            "1.000000" : 6624,
            "5.000000" : 6944,
            "10.000000" : 7072,
            "20.000000" : 7264,
            "30.000000" : 7456,
            "40.000000" : 7584,
            "50.000000" : 7712,
            "60.000000" : 7776,
            "70.000000" : 7904,
            "80.000000" : 8096,
            "90.000000" : 8384,
            "95.000000" : 8896,
            "99.000000" : 12608,
            "99.500000" : 26496,
            "99.900000" : 140288,
            "99.950000" : 183296,
            "99.990000" : 684032
          }
        },
        "lat_ns" : {
          "min" : 5180,
          "max" : 2232793,
          "mean" : 8633.331086,
          "stddev" : 13852.433356,
          "N" : 3396542
        },
        "bw_min" : 6812515,
        "bw_max" : 7829354,
        "bw_agg" : 99.565871,
        "bw_mean" : 7214259.765957,
        "bw_dev" : 199914.288899,
        "bw_samples" : 47,
        "iops_min" : 106445,
        "iops_max" : 122333,
        "iops_mean" : 112722.297872,
        "iops_stddev" : 3123.614224,
        "iops_samples" : 47
      },
      "trim" : {
        "io_bytes" : 0,
        "io_kbytes" : 0,
        "bw_bytes" : 0,
        "bw" : 0,
        "iops" : 0.000000,
        "runtime" : 0,
        "total_ios" : 0,
        "short_ios" : 0,
        "drop_ios" : 0,
        "slat_ns" : {
          "min" : 0,
          "max" : 0,
          "mean" : 0.000000,
          "stddev" : 0.000000,
          "N" : 0
        },
        "clat_ns" : {
          "min" : 0,
          "max" : 0,
          "mean" : 0.000000,
          "stddev" : 0.000000,
          "N" : 0
        },
        "lat_ns" : {
          "min" : 0,
          "max" : 0,
          "mean" : 0.000000,
          "stddev" : 0.000000,
          "N" : 0
        },
        "bw_min" : 0,
        "bw_max" : 0,
        "bw_agg" : 0.000000,
        "bw_mean" : 0.000000,
        "bw_dev" : 0.000000,
        "bw_samples" : 0,
        "iops_min" : 0,
        "iops_max" : 0,
        "iops_mean" : 0.000000,
        "iops_stddev" : 0.000000,
        "iops_samples" : 0
      },
      "sync" : {
        "total_ios" : 0,
        "lat_ns" : {
          "min" : 0,
          "max" : 0,
          "mean" : 0.000000,
          "stddev" : 0.000000,
          "N" : 0
        }
      },
      "job_runtime" : 30000,
      "usr_cpu" : 7.963333,
      "sys_cpu" : 91.986667,
      "ctx" : 64,
      "majf" : 0,
      "minf" : 9,
      "iodepth_level" : {
        "1" : 100.000000,
        "2" : 0.000000,
        "4" : 0.000000,
        "8" : 0.000000,
        "16" : 0.000000,
        "32" : 0.000000,
        ">=64" : 0.000000
      },
      "iodepth_submit" : {
        "0" : 0.000000,
        "4" : 100.000000,
        "8" : 0.000000,
        "16" : 0.000000,
        "32" : 0.000000,
        "64" : 0.000000,
        ">=64" : 0.000000
      },
      "iodepth_complete" : {
        "0" : 0.000000,
        "4" : 100.000000,
        "8" : 0.000000,
        "16" : 0.000000,
        "32" : 0.000000,
        "64" : 0.000000,
        ">=64" : 0.000000
      },
      "latency_ns" : {
        "2" : 0.000000,
        "4" : 0.000000,
        "10" : 0.000000,
        "20" : 0.000000,
        "50" : 0.000000,
        "100" : 0.000000,
        "250" : 0.000000,
        "500" : 0.000000,
        "750" : 0.000000,
        "1000" : 0.000000
      },
      "latency_us" : {
        "2" : 0.000000,
        "4" : 0.000000,
        "10" : 97.377421,
        "20" : 1.825798,
        "50" : 0.404441,
        "100" : 0.032474,
        "250" : 0.318442,
        "500" : 0.013749,
        "750" : 0.024643,
        "1000" : 0.010000
      },
      "latency_ms" : {
        "2" : 0.010000,
        "4" : 0.010000,
        "10" : 0.000000,
        "20" : 0.000000,
        "50" : 0.000000,
        "100" : 0.000000,
        "250" : 0.000000,
        "500" : 0.000000,
        "750" : 0.000000,
        "1000" : 0.000000,
        "2000" : 0.000000,
        ">=2000" : 0.000000
      },
      "latency_depth" : 64,
      "latency_target" : 0,
      "latency_percentile" : 100.000000,
      "latency_window" : 0
    }
  ],
  "disk_util" : [
    {
      "name" : "nullb0",
      "read_ios" : 0,
      "write_ios" : 3371124,
      "read_sectors" : 0,
      "write_sectors" : 431503872,
      "read_merges" : 0,
      "write_merges" : 0,
      "read_ticks" : 0,
      "write_ticks" : 0,
      "in_queue" : 0,
      "util" : 64.724605
    }
  ]
}
