{
  "fio version" : "fio-3.36",
  "timestamp" : 1748134558,
  "timestamp_ms" : 1748134558519,
  "time" : "Sun May 25 00:55:58 2025",
  "global options" : {
    "filename" : "/dev/nullb0",
    "iodepth" : "64",
    "ioengine" : "psync",
    "direct" : "1",
    "rw" : "randwrite",
    "bs" : "8k",
    "size" : "1G",
    "runtime" : "30",
    "numjobs" : "3"
  },
  "jobs" : [
    {
      "jobname" : "c_test",
      "groupid" : 0,
      "job_start" : 1748134528484,
      "error" : 0,
      "eta" : 0,
      "elapsed" : 31,
      "job options" : {
        "name" : "c_test",
        "ioscheduler" : "mq-deadline"
      },
      "read" : {
        "io_bytes" : 0,
        "io_kbytes" : 0,
        "bw_bytes" : 0,
        "bw" : 0,
        "iops" : 0.000000,
        "runtime" : 0,
        "total_ios" : 0,
        "short_ios" : 0,
        "drop_ios" : 0,
        "slat_ns" : {
          "min" : 0,
          "max" : 0,
          "mean" : 0.000000,
          "stddev" : 0.000000,
          "N" : 0
        },
        "clat_ns" : {
          "min" : 0,
          "max" : 0,
          "mean" : 0.000000,
          "stddev" : 0.000000,
          "N" : 0
        },
        "lat_ns" : {
          "min" : 0,
          "max" : 0,
          "mean" : 0.000000,
          "stddev" : 0.000000,
          "N" : 0
        },
        "bw_min" : 0,
        "bw_max" : 0,
        "bw_agg" : 0.000000,
        "bw_mean" : 0.000000,
        "bw_dev" : 0.000000,
        "bw_samples" : 0,
        "iops_min" : 0,
        "iops_max" : 0,
        "iops_mean" : 0.000000,
        "iops_stddev" : 0.000000,
        "iops_samples" : 0
      },
      "write" : {
        "io_bytes" : 104071544832,
        "io_kbytes" : 101632368,
        "bw_bytes" : 3468935863,
        "bw" : 3387632,
        "iops" : 423454.084864,
        "runtime" : 30001,
        "total_ios" : 12704046,
        "short_ios" : 0,
        "drop_ios" : 0,
        "slat_ns" : {
          "min" : 0,
          "max" : 0,
          "mean" : 0.000000,
          "stddev" : 0.000000,
          "N" : 0
        },
        "clat_ns" : {
          "min" : 2144,
          "max" : 4171501,
          "mean" : 6793.040051,
          "stddev" : 23154.378157,
          "N" : 12704046,
          "percentile" : {
            "1.000000" : 2512,
            "5.000000" : 2704,
            "10.000000" : 2768,
            "20.000000" : 2832,
            "30.000000" : 2928,
            "40.000000" : 3024,
            "50.000000" : 3152,
            "60.000000" : 3280,
            "70.000000" : 3440,
            "80.000000" : 3728,
            "90.000000" : 5920,
            "95.000000" : 8160,
            "99.000000" : 92672,
            "99.500000" : 156672,
            "99.900000" : 234496,
            "99.950000" : 305152,
            "99.990000" : 765952
          }
        },
        "lat_ns" : {
          "min" : 2174,
          "max" : 4171691,
          "mean" : 6846.283210,
          "stddev" : 23193.756429,
          "N" : 12704046
        },
        "bw_min" : 3148347,
        "bw_max" : 3576896,
        "bw_agg" : 100.000000,
        "bw_mean" : 3393256.084746,
        "bw_dev" : 33039.484642,
        "bw_samples" : 177,
        "iops_min" : 393543,
        "iops_max" : 447112,
        "iops_mean" : 424156.847458,
        "iops_stddev" : 4129.907377,
        "iops_samples" : 177
      },
      "trim" : {
        "io_bytes" : 0,
        "io_kbytes" : 0,
        "bw_bytes" : 0,
        "bw" : 0,
        "iops" : 0.000000,
        "runtime" : 0,
        "total_ios" : 0,
        "short_ios" : 0,
        "drop_ios" : 0,
        "slat_ns" : {
          "min" : 0,
          "max" : 0,
          "mean" : 0.000000,
          "stddev" : 0.000000,
          "N" : 0
        },
        "clat_ns" : {
          "min" : 0,
          "max" : 0,
          "mean" : 0.000000,
          "stddev" : 0.000000,
          "N" : 0
        },
        "lat_ns" : {
          "min" : 0,
          "max" : 0,
          "mean" : 0.000000,
          "stddev" : 0.000000,
          "N" : 0
        },
        "bw_min" : 0,
        "bw_max" : 0,
        "bw_agg" : 0.000000,
        "bw_mean" : 0.000000,
        "bw_dev" : 0.000000,
        "bw_samples" : 0,
        "iops_min" : 0,
        "iops_max" : 0,
        "iops_mean" : 0.000000,
        "iops_stddev" : 0.000000,
        "iops_samples" : 0
      },
      "sync" : {
        "total_ios" : 0,
        "lat_ns" : {
          "min" : 0,
          "max" : 0,
          "mean" : 0.000000,
          "stddev" : 0.000000,
          "N" : 0
        }
      },
      "job_runtime" : 90000,
      "usr_cpu" : 6.322222,
      "sys_cpu" : 64.473333,
      "ctx" : 520059,
      "majf" : 0,
      "minf" : 27,
      "iodepth_level" : {
        "1" : 100.000000,
        "2" : 0.000000,
        "4" : 0.000000,
        "8" : 0.000000,
        "16" : 0.000000,
        "32" : 0.000000,
        ">=64" : 0.000000
      },
      "iodepth_submit" : {
        "0" : 0.000000,
        "4" : 100.000000,
        "8" : 0.000000,
        "16" : 0.000000,
        "32" : 0.000000,
        "64" : 0.000000,
        ">=64" : 0.000000
      },
      "iodepth_complete" : {
        "0" : 0.000000,
        "4" : 100.000000,
        "8" : 0.000000,
        "16" : 0.000000,
        "32" : 0.000000,
        "64" : 0.000000,
        ">=64" : 0.000000
      },
      "latency_ns" : {
        "2" : 0.000000,
        "4" : 0.000000,
        "10" : 0.000000,
        "20" : 0.000000,
        "50" : 0.000000,
        "100" : 0.000000,
        "250" : 0.000000,
        "500" : 0.000000,
        "750" : 0.000000,
        "1000" : 0.000000
      },
      "latency_us" : {
        "2" : 0.000000,
        "4" : 84.858588,
        "10" : 11.068104,
        "20" : 0.472881,
        "50" : 0.472196,
        "100" : 2.172316,
        "250" : 0.873659,
        "500" : 0.051873,
        "750" : 0.019167,
        "1000" : 0.010000
      },
      "latency_ms" : {
        "2" : 0.010000,
        "4" : 0.010000,
        "10" : 0.010000,
        "20" : 0.000000,
        "50" : 0.000000,
        "100" : 0.000000,
        "250" : 0.000000,
        "500" : 0.000000,
        "750" : 0.000000,
        "1000" : 0.000000,
        "2000" : 0.000000,
        ">=2000" : 0.000000
      },
      "latency_depth" : 64,
      "latency_target" : 0,
      "latency_percentile" : 100.000000,
      "latency_window" : 0
    }
  ],
  "disk_util" : [
    {
      "name" : "nullb0",
      "read_ios" : 0,
      "write_ios" : 12653490,
      "read_sectors" : 0,
      "write_sectors" : 202455952,
      "read_merges" : 0,
      "write_merges" : 7,
      "read_ticks" : 0,
      "write_ticks" : 515396074859,
      "in_queue" : 515396074859,
      "util" : 69.232053
    }
  ]
}
