{
  "fio version" : "fio-3.36",
  "timestamp" : 1748134831,
  "timestamp_ms" : 1748134831558,
  "time" : "Sun May 25 01:00:31 2025",
  "global options" : {
    "filename" : "/dev/nullb1",
    "iodepth" : "64",
    "ioengine" : "psync",
    "direct" : "1",
    "rw" : "randwrite",
    "bs" : "16k",
    "size" : "1G",
    "runtime" : "30",
    "numjobs" : "3"
  },
  "jobs" : [
    {
      "jobname" : "rust_test",
      "groupid" : 0,
      "job_start" : 1748134801539,
      "error" : 0,
      "eta" : 0,
      "elapsed" : 31,
      "job options" : {
        "name" : "rust_test",
        "ioscheduler" : "mq-deadline"
      },
      "read" : {
        "io_bytes" : 0,
        "io_kbytes" : 0,
        "bw_bytes" : 0,
        "bw" : 0,
        "iops" : 0.000000,
        "runtime" : 0,
        "total_ios" : 0,
        "short_ios" : 0,
        "drop_ios" : 0,
        "slat_ns" : {
          "min" : 0,
          "max" : 0,
          "mean" : 0.000000,
          "stddev" : 0.000000,
          "N" : 0
        },
        "clat_ns" : {
          "min" : 0,
          "max" : 0,
          "mean" : 0.000000,
          "stddev" : 0.000000,
          "N" : 0
        },
        "lat_ns" : {
          "min" : 0,
          "max" : 0,
          "mean" : 0.000000,
          "stddev" : 0.000000,
          "N" : 0
        },
        "bw_min" : 0,
        "bw_max" : 0,
        "bw_agg" : 0.000000,
        "bw_mean" : 0.000000,
        "bw_dev" : 0.000000,
        "bw_samples" : 0,
        "iops_min" : 0,
        "iops_max" : 0,
        "iops_mean" : 0.000000,
        "iops_stddev" : 0.000000,
        "iops_samples" : 0
      },
      "write" : {
        "io_bytes" : 167179157504,
        "io_kbytes" : 163260896,
        "bw_bytes" : 5572452835,
        "bw" : 5441848,
        "iops" : 340115.529482,
        "runtime" : 30001,
        "total_ios" : 10203806,
        "short_ios" : 0,
        "drop_ios" : 0,
        "slat_ns" : {
          "min" : 0,
          "max" : 0,
          "mean" : 0.000000,
          "stddev" : 0.000000,
          "N" : 0
        },
        "clat_ns" : {
          "min" : 2535,
          "max" : 4948182,
          "mean" : 8498.652894,
          "stddev" : 26419.282542,
          "N" : 10203806,
          "percentile" : {
            "1.000000" : 3056,
            "5.000000" : 3440,
            "10.000000" : 3536,
            "20.000000" : 3696,
            "30.000000" : 3792,
            "40.000000" : 3952,
            "50.000000" : 4128,
            "60.000000" : 4320,
            "70.000000" : 4576,
            "80.000000" : 4960,
            "90.000000" : 7264,
            "95.000000" : 10688,
            "99.000000" : 129536,
            "99.500000" : 177152,
            "99.900000" : 264192,
            "99.950000" : 391168,
            "99.990000" : 815104
          }
        },
        "lat_ns" : {
          "min" : 2595,
          "max" : 4948232,
          "mean" : 8573.096815,
          "stddev" : 26463.759561,
          "N" : 10203806
        },
        "bw_min" : 5043058,
        "bw_max" : 5756800,
        "bw_agg" : 100.000000,
        "bw_mean" : 5447467.440678,
        "bw_dev" : 46234.807121,
        "bw_samples" : 177,
        "iops_min" : 315191,
        "iops_max" : 359800,
        "iops_mean" : 340466.389831,
        "iops_stddev" : 2889.668652,
        "iops_samples" : 177
      },
      "trim" : {
        "io_bytes" : 0,
        "io_kbytes" : 0,
        "bw_bytes" : 0,
        "bw" : 0,
        "iops" : 0.000000,
        "runtime" : 0,
        "total_ios" : 0,
        "short_ios" : 0,
        "drop_ios" : 0,
        "slat_ns" : {
          "min" : 0,
          "max" : 0,
          "mean" : 0.000000,
          "stddev" : 0.000000,
          "N" : 0
        },
        "clat_ns" : {
          "min" : 0,
          "max" : 0,
          "mean" : 0.000000,
          "stddev" : 0.000000,
          "N" : 0
        },
        "lat_ns" : {
          "min" : 0,
          "max" : 0,
          "mean" : 0.000000,
          "stddev" : 0.000000,
          "N" : 0
        },
        "bw_min" : 0,
        "bw_max" : 0,
        "bw_agg" : 0.000000,
        "bw_mean" : 0.000000,
        "bw_dev" : 0.000000,
        "bw_samples" : 0,
        "iops_min" : 0,
        "iops_max" : 0,
        "iops_mean" : 0.000000,
        "iops_stddev" : 0.000000,
        "iops_samples" : 0
      },
      "sync" : {
        "total_ios" : 0,
        "lat_ns" : {
          "min" : 0,
          "max" : 0,
          "mean" : 0.000000,
          "stddev" : 0.000000,
          "N" : 0
        }
      },
      "job_runtime" : 90000,
      "usr_cpu" : 4.632222,
      "sys_cpu" : 68.881111,
      "ctx" : 396833,
      "majf" : 0,
      "minf" : 22,
      "iodepth_level" : {
        "1" : 100.000000,
        "2" : 0.000000,
        "4" : 0.000000,
        "8" : 0.000000,
        "16" : 0.000000,
        "32" : 0.000000,
        ">=64" : 0.000000
      },
      "iodepth_submit" : {
        "0" : 0.000000,
        "4" : 100.000000,
        "8" : 0.000000,
        "16" : 0.000000,
        "32" : 0.000000,
        "64" : 0.000000,
        ">=64" : 0.000000
      },
      "iodepth_complete" : {
        "0" : 0.000000,
        "4" : 100.000000,
        "8" : 0.000000,
        "16" : 0.000000,
        "32" : 0.000000,
        "64" : 0.000000,
        ">=64" : 0.000000
      },
      "latency_ns" : {
        "2" : 0.000000,
        "4" : 0.000000,
        "10" : 0.000000,
        "20" : 0.000000,
        "50" : 0.000000,
        "100" : 0.000000,
        "250" : 0.000000,
        "500" : 0.000000,
        "750" : 0.000000,
        "1000" : 0.000000
      },
      "latency_us" : {
        "2" : 0.000000,
        "4" : 44.373550,
        "10" : 50.307562,
        "20" : 1.109635,
        "50" : 0.645759,
        "100" : 2.309040,
        "250" : 1.138605,
        "500" : 0.073139,
        "750" : 0.026961,
        "1000" : 0.012015
      },
      "latency_ms" : {
        "2" : 0.010000,
        "4" : 0.010000,
        "10" : 0.010000,
        "20" : 0.000000,
        "50" : 0.000000,
        "100" : 0.000000,
        "250" : 0.000000,
        "500" : 0.000000,
        "750" : 0.000000,
        "1000" : 0.000000,
        "2000" : 0.000000,
        ">=2000" : 0.000000
      },
      "latency_depth" : 64,
      "latency_target" : 0,
      "latency_percentile" : 100.000000,
      "latency_window" : 0
    }
  ],
  "disk_util" : [
    {
      "name" : "nullb1",
      "read_ios" : 0,
      "write_ios" : 10161934,
      "read_sectors" : 0,
      "write_sectors" : 325182016,
      "read_merges" : 0,
      "write_merges" : 4,
      "read_ticks" : 0,
      "write_ticks" : 515396074621,
      "in_queue" : 515396074621,
      "util" : 81.914396
    }
  ]
}
