{
  "fio version" : "fio-3.36",
  "timestamp" : 1748134345,
  "timestamp_ms" : 1748134345926,
  "time" : "Sun May 25 00:52:25 2025",
  "global options" : {
    "filename" : "/dev/nullb1",
    "iodepth" : "64",
    "ioengine" : "psync",
    "direct" : "1",
    "rw" : "randwrite",
    "bs" : "4k",
    "size" : "1G",
    "runtime" : "30",
    "numjobs" : "3"
  },
  "jobs" : [
    {
      "jobname" : "rust_test",
      "groupid" : 0,
      "job_start" : 1748134315901,
      "error" : 0,
      "eta" : 0,
      "elapsed" : 31,
      "job options" : {
        "name" : "rust_test",
        "ioscheduler" : "mq-deadline"
      },
      "read" : {
        "io_bytes" : 0,
        "io_kbytes" : 0,
        "bw_bytes" : 0,
        "bw" : 0,
        "iops" : 0.000000,
        "runtime" : 0,
        "total_ios" : 0,
        "short_ios" : 0,
        "drop_ios" : 0,
        "slat_ns" : {
          "min" : 0,
          "max" : 0,
          "mean" : 0.000000,
          "stddev" : 0.000000,
          "N" : 0
        },
        "clat_ns" : {
          "min" : 0,
          "max" : 0,
          "mean" : 0.000000,
          "stddev" : 0.000000,
          "N" : 0
        },
        "lat_ns" : {
          "min" : 0,
          "max" : 0,
          "mean" : 0.000000,
          "stddev" : 0.000000,
          "N" : 0
        },
        "bw_min" : 0,
        "bw_max" : 0,
        "bw_agg" : 0.000000,
        "bw_mean" : 0.000000,
        "bw_dev" : 0.000000,
        "bw_samples" : 0,
        "iops_min" : 0,
        "iops_max" : 0,
        "iops_mean" : 0.000000,
        "iops_stddev" : 0.000000,
        "iops_samples" : 0
      },
      "write" : {
        "io_bytes" : 61125591040,
        "io_kbytes" : 59692960,
        "bw_bytes" : 2037451786,
        "bw" : 1989699,
        "iops" : 497424.752508,
        "runtime" : 30001,
        "total_ios" : 14923240,
        "short_ios" : 0,
        "drop_ios" : 0,
        "slat_ns" : {
          "min" : 0,
          "max" : 0,
          "mean" : 0.000000,
          "stddev" : 0.000000,
          "N" : 0
        },
        "clat_ns" : {
          "min" : 1793,
          "max" : 2342793,
          "mean" : 5762.439257,
          "stddev" : 21045.191643,
          "N" : 14923240,
          "percentile" : {
            "1.000000" : 2160,
            "5.000000" : 2256,
            "10.000000" : 2288,
            "20.000000" : 2352,
            "30.000000" : 2384,
            "40.000000" : 2448,
            "50.000000" : 2512,
            "60.000000" : 2640,
            "70.000000" : 2768,
            "80.000000" : 3024,
            "90.000000" : 4768,
            "95.000000" : 6944,
            "99.000000" : 84480,
            "99.500000" : 144384,
            "99.900000" : 220160,
            "99.950000" : 280576,
            "99.990000" : 724992
          }
        },
        "lat_ns" : {
          "min" : 1823,
          "max" : 2342813,
          "mean" : 5798.144480,
          "stddev" : 21069.683758,
          "N" : 14923240
        },
        "bw_min" : 1794056,
        "bw_max" : 2169560,
        "bw_agg" : 100.000000,
        "bw_mean" : 1993132.898305,
        "bw_dev" : 28270.703749,
        "bw_samples" : 177,
        "iops_min" : 448514,
        "iops_max" : 542390,
        "iops_mean" : 498283.237288,
        "iops_stddev" : 7067.691665,
        "iops_samples" : 177
      },
      "trim" : {
        "io_bytes" : 0,
        "io_kbytes" : 0,
        "bw_bytes" : 0,
        "bw" : 0,
        "iops" : 0.000000,
        "runtime" : 0,
        "total_ios" : 0,
        "short_ios" : 0,
        "drop_ios" : 0,
        "slat_ns" : {
          "min" : 0,
          "max" : 0,
          "mean" : 0.000000,
          "stddev" : 0.000000,
          "N" : 0
        },
        "clat_ns" : {
          "min" : 0,
          "max" : 0,
          "mean" : 0.000000,
          "stddev" : 0.000000,
          "N" : 0
        },
        "lat_ns" : {
          "min" : 0,
          "max" : 0,
          "mean" : 0.000000,
          "stddev" : 0.000000,
          "N" : 0
        },
        "bw_min" : 0,
        "bw_max" : 0,
        "bw_agg" : 0.000000,
        "bw_mean" : 0.000000,
        "bw_dev" : 0.000000,
        "bw_samples" : 0,
        "iops_min" : 0,
        "iops_max" : 0,
        "iops_mean" : 0.000000,
        "iops_stddev" : 0.000000,
        "iops_samples" : 0
      },
      "sync" : {
        "total_ios" : 0,
        "lat_ns" : {
          "min" : 0,
          "max" : 0,
          "mean" : 0.000000,
          "stddev" : 0.000000,
          "N" : 0
        }
      },
      "job_runtime" : 90000,
      "usr_cpu" : 6.815556,
      "sys_cpu" : 62.043333,
      "ctx" : 563844,
      "majf" : 0,
      "minf" : 28,
      "iodepth_level" : {
        "1" : 100.000000,
        "2" : 0.000000,
        "4" : 0.000000,
        "8" : 0.000000,
        "16" : 0.000000,
        "32" : 0.000000,
        ">=64" : 0.000000
      },
      "iodepth_submit" : {
        "0" : 0.000000,
        "4" : 100.000000,
        "8" : 0.000000,
        "16" : 0.000000,
        "32" : 0.000000,
        "64" : 0.000000,
        ">=64" : 0.000000
      },
      "iodepth_complete" : {
        "0" : 0.000000,
        "4" : 100.000000,
        "8" : 0.000000,
        "16" : 0.000000,
        "32" : 0.000000,
        "64" : 0.000000,
        ">=64" : 0.000000
      },
      "latency_ns" : {
        "2" : 0.000000,
        "4" : 0.000000,
        "10" : 0.000000,
        "20" : 0.000000,
        "50" : 0.000000,
        "100" : 0.000000,
        "250" : 0.000000,
        "500" : 0.000000,
        "750" : 0.000000,
        "1000" : 0.000000
      },
      "latency_us" : {
        "2" : 0.010000,
        "4" : 88.890831,
        "10" : 7.595201,
        "20" : 0.281058,
        "50" : 0.366623,
        "100" : 2.069008,
        "250" : 0.721224,
        "500" : 0.042906,
        "750" : 0.015915,
        "1000" : 0.010000
      },
      "latency_ms" : {
        "2" : 0.010000,
        "4" : 0.010000,
        "10" : 0.000000,
        "20" : 0.000000,
        "50" : 0.000000,
        "100" : 0.000000,
        "250" : 0.000000,
        "500" : 0.000000,
        "750" : 0.000000,
        "1000" : 0.000000,
        "2000" : 0.000000,
        ">=2000" : 0.000000
      },
      "latency_depth" : 64,
      "latency_target" : 0,
      "latency_percentile" : 100.000000,
      "latency_window" : 0
    }
  ],
  "disk_util" : [
    {
      "name" : "nullb1",
      "read_ios" : 0,
      "write_ios" : 14870708,
      "read_sectors" : 0,
      "write_sectors" : 118965736,
      "read_merges" : 0,
      "write_merges" : 8,
      "read_ticks" : 0,
      "write_ticks" : 515396074947,
      "in_queue" : 515396074947,
      "util" : 62.005541
    }
  ]
}
