{
  "fio version" : "fio-3.36",
  "timestamp" : 1748134770,
  "timestamp_ms" : 1748134770894,
  "time" : "Sun May 25 00:59:30 2025",
  "global options" : {
    "filename" : "/dev/nullb1",
    "iodepth" : "64",
    "ioengine" : "psync",
    "direct" : "1",
    "rw" : "randwrite",
    "bs" : "16k",
    "size" : "1G",
    "runtime" : "30",
    "numjobs" : "2"
  },
  "jobs" : [
    {
      "jobname" : "rust_test",
      "groupid" : 0,
      "job_start" : 1748134740854,
      "error" : 0,
      "eta" : 0,
      "elapsed" : 31,
      "job options" : {
        "name" : "rust_test",
        "ioscheduler" : "mq-deadline"
      },
      "read" : {
        "io_bytes" : 0,
        "io_kbytes" : 0,
        "bw_bytes" : 0,
        "bw" : 0,
        "iops" : 0.000000,
        "runtime" : 0,
        "total_ios" : 0,
        "short_ios" : 0,
        "drop_ios" : 0,
        "slat_ns" : {
          "min" : 0,
          "max" : 0,
          "mean" : 0.000000,
          "stddev" : 0.000000,
          "N" : 0
        },
        "clat_ns" : {
          "min" : 0,
          "max" : 0,
          "mean" : 0.000000,
          "stddev" : 0.000000,
          "N" : 0
        },
        "lat_ns" : {
          "min" : 0,
          "max" : 0,
          "mean" : 0.000000,
          "stddev" : 0.000000,
          "N" : 0
        },
        "bw_min" : 0,
        "bw_max" : 0,
        "bw_agg" : 0.000000,
        "bw_mean" : 0.000000,
        "bw_dev" : 0.000000,
        "bw_samples" : 0,
        "iops_min" : 0,
        "iops_max" : 0,
        "iops_mean" : 0.000000,
        "iops_stddev" : 0.000000,
        "iops_samples" : 0
      },
      "write" : {
        "io_bytes" : 143919087616,
        "io_kbytes" : 140545984,
        "bw_bytes" : 4797143015,
        "bw" : 4684709,
        "iops" : 292794.373521,
        "runtime" : 30001,
        "total_ios" : 8784124,
        "short_ios" : 0,
        "drop_ios" : 0,
        "slat_ns" : {
          "min" : 0,
          "max" : 0,
          "mean" : 0.000000,
          "stddev" : 0.000000,
          "N" : 0
        },
        "clat_ns" : {
          "min" : 2434,
          "max" : 3171927,
          "mean" : 6523.934802,
          "stddev" : 21079.010684,
          "N" : 8784124,
          "percentile" : {
            "1.000000" : 3120,
            "5.000000" : 3408,
            "10.000000" : 3504,
            "20.000000" : 3600,
            "30.000000" : 3696,
            "40.000000" : 3792,
            "50.000000" : 3856,
            "60.000000" : 3984,
            "70.000000" : 4128,
            "80.000000" : 4384,
            "90.000000" : 4960,
            "95.000000" : 7392,
            "99.000000" : 86528,
            "99.500000" : 150528,
            "99.900000" : 236544,
            "99.950000" : 296960,
            "99.990000" : 741376
          }
        },
        "lat_ns" : {
          "min" : 2484,
          "max" : 3172058,
          "mean" : 6601.470076,
          "stddev" : 21134.629531,
          "N" : 8784124
        },
        "bw_min" : 3910262,
        "bw_max" : 4919951,
        "bw_agg" : 100.000000,
        "bw_mean" : 4687259.152542,
        "bw_dev" : 90881.756743,
        "bw_samples" : 118,
        "iops_min" : 244391,
        "iops_max" : 307496,
        "iops_mean" : 292953.338983,
        "iops_stddev" : 5680.074780,
        "iops_samples" : 118
      },
      "trim" : {
        "io_bytes" : 0,
        "io_kbytes" : 0,
        "bw_bytes" : 0,
        "bw" : 0,
        "iops" : 0.000000,
        "runtime" : 0,
        "total_ios" : 0,
        "short_ios" : 0,
        "drop_ios" : 0,
        "slat_ns" : {
          "min" : 0,
          "max" : 0,
          "mean" : 0.000000,
          "stddev" : 0.000000,
          "N" : 0
        },
        "clat_ns" : {
          "min" : 0,
          "max" : 0,
          "mean" : 0.000000,
          "stddev" : 0.000000,
          "N" : 0
        },
        "lat_ns" : {
          "min" : 0,
          "max" : 0,
          "mean" : 0.000000,
          "stddev" : 0.000000,
          "N" : 0
        },
        "bw_min" : 0,
        "bw_max" : 0,
        "bw_agg" : 0.000000,
        "bw_mean" : 0.000000,
        "bw_dev" : 0.000000,
        "bw_samples" : 0,
        "iops_min" : 0,
        "iops_max" : 0,
        "iops_mean" : 0.000000,
        "iops_stddev" : 0.000000,
        "iops_samples" : 0
      },
      "sync" : {
        "total_ios" : 0,
        "lat_ns" : {
          "min" : 0,
          "max" : 0,
          "mean" : 0.000000,
          "stddev" : 0.000000,
          "N" : 0
        }
      },
      "job_runtime" : 60000,
      "usr_cpu" : 6.868333,
      "sys_cpu" : 75.745000,
      "ctx" : 165133,
      "majf" : 0,
      "minf" : 22,
      "iodepth_level" : {
        "1" : 100.000000,
        "2" : 0.000000,
        "4" : 0.000000,
        "8" : 0.000000,
        "16" : 0.000000,
        "32" : 0.000000,
        ">=64" : 0.000000
      },
      "iodepth_submit" : {
        "0" : 0.000000,
        "4" : 100.000000,
        "8" : 0.000000,
        "16" : 0.000000,
        "32" : 0.000000,
        "64" : 0.000000,
        ">=64" : 0.000000
      },
      "iodepth_complete" : {
        "0" : 0.000000,
        "4" : 100.000000,
        "8" : 0.000000,
        "16" : 0.000000,
        "32" : 0.000000,
        "64" : 0.000000,
        ">=64" : 0.000000
      },
      "latency_ns" : {
        "2" : 0.000000,
        "4" : 0.000000,
        "10" : 0.000000,
        "20" : 0.000000,
        "50" : 0.000000,
        "100" : 0.000000,
        "250" : 0.000000,
        "500" : 0.000000,
        "750" : 0.000000,
        "1000" : 0.000000
      },
      "latency_us" : {
        "2" : 0.000000,
        "4" : 60.790125,
        "10" : 36.340232,
        "20" : 0.510580,
        "50" : 0.410969,
        "100" : 1.127955,
        "250" : 0.737854,
        "500" : 0.053301,
        "750" : 0.019626,
        "1000" : 0.010000
      },
      "latency_ms" : {
        "2" : 0.010000,
        "4" : 0.010000,
        "10" : 0.000000,
        "20" : 0.000000,
        "50" : 0.000000,
        "100" : 0.000000,
        "250" : 0.000000,
        "500" : 0.000000,
        "750" : 0.000000,
        "1000" : 0.000000,
        "2000" : 0.000000,
        ">=2000" : 0.000000
      },
      "latency_depth" : 64,
      "latency_target" : 0,
      "latency_percentile" : 100.000000,
      "latency_window" : 0
    }
  ],
  "disk_util" : [
    {
      "name" : "nullb1",
      "read_ios" : 0,
      "write_ios" : 8748893,
      "read_sectors" : 0,
      "write_sectors" : 279964576,
      "read_merges" : 0,
      "write_merges" : 0,
      "read_ticks" : 0,
      "write_ticks" : 515396075254,
      "in_queue" : 515396075254,
      "util" : 63.679167
    }
  ]
}
