{
  "fio version" : "fio-3.36",
  "timestamp" : 1748135258,
  "timestamp_ms" : 1748135258390,
  "time" : "Sun May 25 01:07:38 2025",
  "global options" : {
    "filename" : "/dev/nullb1",
    "iodepth" : "64",
    "ioengine" : "psync",
    "direct" : "1",
    "rw" : "randwrite",
    "bs" : "64k",
    "size" : "1G",
    "runtime" : "30",
    "numjobs" : "2"
  },
  "jobs" : [
    {
      "jobname" : "rust_test",
      "groupid" : 0,
      "job_start" : 1748135228373,
      "error" : 0,
      "eta" : 0,
      "elapsed" : 31,
      "job options" : {
        "name" : "rust_test",
        "ioscheduler" : "mq-deadline"
      },
      "read" : {
        "io_bytes" : 0,
        "io_kbytes" : 0,
        "bw_bytes" : 0,
        "bw" : 0,
        "iops" : 0.000000,
        "runtime" : 0,
        "total_ios" : 0,
        "short_ios" : 0,
        "drop_ios" : 0,
        "slat_ns" : {
          "min" : 0,
          "max" : 0,
          "mean" : 0.000000,
          "stddev" : 0.000000,
          "N" : 0
        },
        "clat_ns" : {
          "min" : 0,
          "max" : 0,
          "mean" : 0.000000,
          "stddev" : 0.000000,
          "N" : 0
        },
        "lat_ns" : {
          "min" : 0,
          "max" : 0,
          "mean" : 0.000000,
          "stddev" : 0.000000,
          "N" : 0
        },
        "bw_min" : 0,
        "bw_max" : 0,
        "bw_agg" : 0.000000,
        "bw_mean" : 0.000000,
        "bw_dev" : 0.000000,
        "bw_samples" : 0,
        "iops_min" : 0,
        "iops_max" : 0,
        "iops_mean" : 0.000000,
        "iops_stddev" : 0.000000,
        "iops_samples" : 0
      },
      "write" : {
        "io_bytes" : 329916153856,
        "io_kbytes" : 322183744,
        "bw_bytes" : 10996838567,
        "bw" : 10739100,
        "iops" : 167798.440052,
        "runtime" : 30001,
        "total_ios" : 5034121,
        "short_ios" : 0,
        "drop_ios" : 0,
        "slat_ns" : {
          "min" : 0,
          "max" : 0,
          "mean" : 0.000000,
          "stddev" : 0.000000,
          "N" : 0
        },
        "clat_ns" : {
          "min" : 4900,
          "max" : 2437474,
          "mean" : 11536.567014,
          "stddev" : 20726.769660,
          "N" : 5034121,
          "percentile" : {
            "1.000000" : 7264,
            "5.000000" : 8256,
            "10.000000" : 8768,
            "20.000000" : 9280,
            "30.000000" : 9536,
            "40.000000" : 9792,
            "50.000000" : 9920,
            "60.000000" : 10176,
            "70.000000" : 10304,
            "80.000000" : 10560,
            "90.000000" : 11072,
            "95.000000" : 12224,
            "99.000000" : 33536,
            "99.500000" : 128512,
            "99.900000" : 250880,
            "99.950000" : 536576,
            "99.990000" : 806912
          }
        },
        "lat_ns" : {
          "min" : 5030,
          "max" : 2437604,
          "mean" : 11705.426556,
          "stddev" : 20827.393233,
          "N" : 5034121
        },
        "bw_min" : 9801430,
        "bw_max" : 11445468,
        "bw_agg" : 99.643563,
        "bw_mean" : 10700822.038462,
        "bw_dev" : 171929.394655,
        "bw_samples" : 104,
        "iops_min" : 153147,
        "iops_max" : 178835,
        "iops_mean" : 167199.480769,
        "iops_stddev" : 2686.346027,
        "iops_samples" : 104
      },
      "trim" : {
        "io_bytes" : 0,
        "io_kbytes" : 0,
        "bw_bytes" : 0,
        "bw" : 0,
        "iops" : 0.000000,
        "runtime" : 0,
        "total_ios" : 0,
        "short_ios" : 0,
        "drop_ios" : 0,
        "slat_ns" : {
          "min" : 0,
          "max" : 0,
          "mean" : 0.000000,
          "stddev" : 0.000000,
          "N" : 0
        },
        "clat_ns" : {
          "min" : 0,
          "max" : 0,
          "mean" : 0.000000,
          "stddev" : 0.000000,
          "N" : 0
        },
        "lat_ns" : {
          "min" : 0,
          "max" : 0,
          "mean" : 0.000000,
          "stddev" : 0.000000,
          "N" : 0
        },
        "bw_min" : 0,
        "bw_max" : 0,
        "bw_agg" : 0.000000,
        "bw_mean" : 0.000000,
        "bw_dev" : 0.000000,
        "bw_samples" : 0,
        "iops_min" : 0,
        "iops_max" : 0,
        "iops_mean" : 0.000000,
        "iops_stddev" : 0.000000,
        "iops_samples" : 0
      },
      "sync" : {
        "total_ios" : 0,
        "lat_ns" : {
          "min" : 0,
          "max" : 0,
          "mean" : 0.000000,
          "stddev" : 0.000000,
          "N" : 0
        }
      },
      "job_runtime" : 60000,
      "usr_cpu" : 4.863333,
      "sys_cpu" : 93.856667,
      "ctx" : 7815,
      "majf" : 0,
      "minf" : 20,
      "iodepth_level" : {
        "1" : 100.000000,
        "2" : 0.000000,
        "4" : 0.000000,
        "8" : 0.000000,
        "16" : 0.000000,
        "32" : 0.000000,
        ">=64" : 0.000000
      },
      "iodepth_submit" : {
        "0" : 0.000000,
        "4" : 100.000000,
        "8" : 0.000000,
        "16" : 0.000000,
        "32" : 0.000000,
        "64" : 0.000000,
        ">=64" : 0.000000
      },
      "iodepth_complete" : {
        "0" : 0.000000,
        "4" : 100.000000,
        "8" : 0.000000,
        "16" : 0.000000,
        "32" : 0.000000,
        "64" : 0.000000,
        ">=64" : 0.000000
      },
      "latency_ns" : {
        "2" : 0.000000,
        "4" : 0.000000,
        "10" : 0.000000,
        "20" : 0.000000,
        "50" : 0.000000,
        "100" : 0.000000,
        "250" : 0.000000,
        "500" : 0.000000,
        "750" : 0.000000,
        "1000" : 0.000000
      },
      "latency_us" : {
        "2" : 0.000000,
        "4" : 0.000000,
        "10" : 52.627420,
        "20" : 45.605300,
        "50" : 0.897217,
        "100" : 0.163782,
        "250" : 0.605369,
        "500" : 0.049065,
        "750" : 0.034087,
        "1000" : 0.016190
      },
      "latency_ms" : {
        "2" : 0.010000,
        "4" : 0.010000,
        "10" : 0.000000,
        "20" : 0.000000,
        "50" : 0.000000,
        "100" : 0.000000,
        "250" : 0.000000,
        "500" : 0.000000,
        "750" : 0.000000,
        "1000" : 0.000000,
        "2000" : 0.000000,
        ">=2000" : 0.000000
      },
      "latency_depth" : 64,
      "latency_target" : 0,
      "latency_percentile" : 100.000000,
      "latency_window" : 0
    }
  ],
  "disk_util" : [
    {
      "name" : "nullb1",
      "read_ios" : 0,
      "write_ios" : 4998227,
      "read_sectors" : 0,
      "write_sectors" : 639773056,
      "read_merges" : 0,
      "write_merges" : 0,
      "read_ticks" : 0,
      "write_ticks" : 283467841459,
      "in_queue" : 304942677938,
      "util" : 81.628686
    }
  ]
}
