{
  "fio version" : "fio-3.36",
  "timestamp" : 1748134406,
  "timestamp_ms" : 1748134406599,
  "time" : "Sun May 25 00:53:26 2025",
  "global options" : {
    "filename" : "/dev/nullb1",
    "iodepth" : "64",
    "ioengine" : "psync",
    "direct" : "1",
    "rw" : "randwrite",
    "bs" : "4k",
    "size" : "1G",
    "runtime" : "30",
    "numjobs" : "4"
  },
  "jobs" : [
    {
      "jobname" : "rust_test",
      "groupid" : 0,
      "job_start" : 1748134376557,
      "error" : 0,
      "eta" : 0,
      "elapsed" : 31,
      "job options" : {
        "name" : "rust_test",
        "ioscheduler" : "mq-deadline"
      },
      "read" : {
        "io_bytes" : 0,
        "io_kbytes" : 0,
        "bw_bytes" : 0,
        "bw" : 0,
        "iops" : 0.000000,
        "runtime" : 0,
        "total_ios" : 0,
        "short_ios" : 0,
        "drop_ios" : 0,
        "slat_ns" : {
          "min" : 0,
          "max" : 0,
          "mean" : 0.000000,
          "stddev" : 0.000000,
          "N" : 0
        },
        "clat_ns" : {
          "min" : 0,
          "max" : 0,
          "mean" : 0.000000,
          "stddev" : 0.000000,
          "N" : 0
        },
        "lat_ns" : {
          "min" : 0,
          "max" : 0,
          "mean" : 0.000000,
          "stddev" : 0.000000,
          "N" : 0
        },
        "bw_min" : 0,
        "bw_max" : 0,
        "bw_agg" : 0.000000,
        "bw_mean" : 0.000000,
        "bw_dev" : 0.000000,
        "bw_samples" : 0,
        "iops_min" : 0,
        "iops_max" : 0,
        "iops_mean" : 0.000000,
        "iops_stddev" : 0.000000,
        "iops_samples" : 0
      },
      "write" : {
        "io_bytes" : 68698587136,
        "io_kbytes" : 67088464,
        "bw_bytes" : 2289876575,
        "bw" : 2236207,
        "iops" : 559051.898270,
        "runtime" : 30001,
        "total_ios" : 16772116,
        "short_ios" : 0,
        "drop_ios" : 0,
        "slat_ns" : {
          "min" : 0,
          "max" : 0,
          "mean" : 0.000000,
          "stddev" : 0.000000,
          "N" : 0
        },
        "clat_ns" : {
          "min" : 1813,
          "max" : 6596707,
          "mean" : 6870.491762,
          "stddev" : 25207.780865,
          "N" : 16772116,
          "percentile" : {
            "1.000000" : 2160,
            "5.000000" : 2256,
            "10.000000" : 2320,
            "20.000000" : 2384,
            "30.000000" : 2448,
            "40.000000" : 2512,
            "50.000000" : 2608,
            "60.000000" : 2736,
            "70.000000" : 2896,
            "80.000000" : 3280,
            "90.000000" : 5984,
            "95.000000" : 9024,
            "99.000000" : 96768,
            "99.500000" : 158720,
            "99.900000" : 242688,
            "99.950000" : 346112,
            "99.990000" : 831488
          }
        },
        "lat_ns" : {
          "min" : 1833,
          "max" : 6596727,
          "mean" : 6908.521693,
          "stddev" : 25242.512773,
          "N" : 16772116
        },
        "bw_min" : 1938254,
        "bw_max" : 2399196,
        "bw_agg" : 100.000000,
        "bw_mean" : 2237536.152542,
        "bw_dev" : 24509.524999,
        "bw_samples" : 236,
        "iops_min" : 484563,
        "iops_max" : 599799,
        "iops_mean" : 559383.491525,
        "iops_stddev" : 6127.418749,
        "iops_samples" : 236
      },
      "trim" : {
        "io_bytes" : 0,
        "io_kbytes" : 0,
        "bw_bytes" : 0,
        "bw" : 0,
        "iops" : 0.000000,
        "runtime" : 0,
        "total_ios" : 0,
        "short_ios" : 0,
        "drop_ios" : 0,
        "slat_ns" : {
          "min" : 0,
          "max" : 0,
          "mean" : 0.000000,
          "stddev" : 0.000000,
          "N" : 0
        },
        "clat_ns" : {
          "min" : 0,
          "max" : 0,
          "mean" : 0.000000,
          "stddev" : 0.000000,
          "N" : 0
        },
        "lat_ns" : {
          "min" : 0,
          "max" : 0,
          "mean" : 0.000000,
          "stddev" : 0.000000,
          "N" : 0
        },
        "bw_min" : 0,
        "bw_max" : 0,
        "bw_agg" : 0.000000,
        "bw_mean" : 0.000000,
        "bw_dev" : 0.000000,
        "bw_samples" : 0,
        "iops_min" : 0,
        "iops_max" : 0,
        "iops_mean" : 0.000000,
        "iops_stddev" : 0.000000,
        "iops_samples" : 0
      },
      "sync" : {
        "total_ios" : 0,
        "lat_ns" : {
          "min" : 0,
          "max" : 0,
          "mean" : 0.000000,
          "stddev" : 0.000000,
          "N" : 0
        }
      },
      "job_runtime" : 120000,
      "usr_cpu" : 6.180833,
      "sys_cpu" : 57.144167,
      "ctx" : 889640,
      "majf" : 0,
      "minf" : 38,
      "iodepth_level" : {
        "1" : 100.000000,
        "2" : 0.000000,
        "4" : 0.000000,
        "8" : 0.000000,
        "16" : 0.000000,
        "32" : 0.000000,
        ">=64" : 0.000000
      },
      "iodepth_submit" : {
        "0" : 0.000000,
        "4" : 100.000000,
        "8" : 0.000000,
        "16" : 0.000000,
        "32" : 0.000000,
        "64" : 0.000000,
        ">=64" : 0.000000
      },
      "iodepth_complete" : {
        "0" : 0.000000,
        "4" : 100.000000,
        "8" : 0.000000,
        "16" : 0.000000,
        "32" : 0.000000,
        "64" : 0.000000,
        ">=64" : 0.000000
      },
      "latency_ns" : {
        "2" : 0.000000,
        "4" : 0.000000,
        "10" : 0.000000,
        "20" : 0.000000,
        "50" : 0.000000,
        "100" : 0.000000,
        "250" : 0.000000,
        "500" : 0.000000,
        "750" : 0.000000,
        "1000" : 0.000000
      },
      "latency_us" : {
        "2" : 0.010000,
        "4" : 85.066804,
        "10" : 10.267446,
        "20" : 0.346486,
        "50" : 0.484220,
        "100" : 2.844006,
        "250" : 0.889309,
        "500" : 0.057256,
        "750" : 0.020796,
        "1000" : 0.010082
      },
      "latency_ms" : {
        "2" : 0.010000,
        "4" : 0.010000,
        "10" : 0.010000,
        "20" : 0.000000,
        "50" : 0.000000,
        "100" : 0.000000,
        "250" : 0.000000,
        "500" : 0.000000,
        "750" : 0.000000,
        "1000" : 0.000000,
        "2000" : 0.000000,
        ">=2000" : 0.000000
      },
      "latency_depth" : 64,
      "latency_target" : 0,
      "latency_percentile" : 100.000000,
      "latency_window" : 0
    }
  ],
  "disk_util" : [
    {
      "name" : "nullb1",
      "read_ios" : 0,
      "write_ios" : 16710790,
      "read_sectors" : 0,
      "write_sectors" : 133686352,
      "read_merges" : 0,
      "write_merges" : 4,
      "read_ticks" : 0,
      "write_ticks" : 515396074501,
      "in_queue" : 515396074502,
      "util" : 71.088481
    }
  ]
}
